Player,PTS,REB,AST,BLK,STL,FG%,FT%,3PM,TO,GP,MIN,FTM,2PM,A/TO,PF
Luka Doncic,36.3,9.4,7.6,1.0,2.4,0.484,0.793,5.1,3.9,7,37.8,6.0,7.4,19.7,2.0
Devin Booker,33.0,4.6,4.6,0.5,0.8,0.47,0.899,2.6,3.4,8,34.6,8.9,8.1,18.4,2.5
Bam Adebayo,32.2,8.7,3.0,1.2,1.7,0.412,0.8,2.2,2.0,6,35.5,11.3,7.2,7.1,2.3
Kawhi Leonard,31.4,6.3,3.3,0.0,1.9,0.54,0.862,2.3,1.3,7,30.5,8.0,8.3,16.0,1.6
Shai Gilgeous-Alexander,30.5,5.2,8.2,1.0,1.8,0.529,0.9,2.0,2.5,6,36.2,7.5,8.5,17.0,2.3
Victor Wembanyama,29.1,11.1,3.0,3.4,1.0,0.529,0.786,3.9,1.7,7,30.6,4.7,6.4,6.2,2.1
Collin Sexton,29.0,2.5,4.0,0.0,1.0,0.645,0.75,4.5,0.5,2,29.9,4.5,5.5,5.0,0.5
Tyrese Maxey,28.0,2.0,5.5,1.5,2.5,0.455,1.0,2.5,3.0,2,37.9,5.5,7.5,7.0,1.5
Anthony Edwards,27.8,4.2,4.0,0.8,1.2,0.475,0.85,3.3,3.2,6,34.3,8.5,4.7,7.1,2.5
Giannis Antetokounmpo,27.0,8.0,5.2,0.2,1.4,0.559,0.596,0.0,2.4,5,27.5,6.2,10.4,15.8,1.4
Matas Buzelis,26.0,7.6,2.0,2.0,0.8,0.465,0.87,3.6,1.8,5,35.4,4.0,5.6,5.8,1.4
Nickeil Alexander-Walker,25.8,2.8,3.2,0.3,2.0,0.552,0.955,4.7,3.0,6,35.4,3.5,4.2,6.2,2.5
Pascal Siakam,25.7,5.3,3.0,0.0,1.3,0.5,0.688,0.3,1.3,3,30.7,7.3,8.7,4.0,1.7
Nikola Jokic,25.3,12.7,12.0,0.9,2.3,0.591,0.929,1.1,4.6,7,35.2,5.6,8.1,20.3,2.3
Michael Porter Jr.,25.3,9.3,1.7,0.7,1.7,0.413,0.929,3.7,2.7,3,32.5,4.3,5.0,1.8,3.0
Jalen Johnson,25.0,9.3,9.7,0.3,1.3,0.519,0.807,2.2,3.0,6,36.5,4.2,7.2,24.2,1.8
Paolo Banchero,24.3,9.8,4.9,0.4,0.4,0.492,0.771,1.5,3.4,8,35.7,6.8,6.5,14.4,1.6
RJ Barrett,24.3,6.2,2.0,0.5,0.8,0.588,0.714,2.0,1.7,6,33.2,3.3,7.5,8.7,2.7
Austin Reaves,24.0,4.7,6.1,0.4,1.7,0.5,0.842,2.3,1.7,7,38.3,4.6,6.3,24.0,2.4
Dejounte Murray,24.0,6.5,4.3,0.0,1.8,0.617,0.714,1.8,2.8,4,29.0,3.8,7.5,6.2,3.3
Jaylen Brown,23.7,6.6,6.4,0.3,1.0,0.445,0.883,1.0,3.6,7,32.9,7.6,6.6,13.8,2.1
Donovan Mitchell,23.5,4.3,6.3,0.5,1.5,0.439,0.872,2.2,1.0,6,33.8,5.7,5.7,16.7,1.5
Jalen Brunson,23.4,3.7,10.1,0.1,1.3,0.41,0.851,2.0,3.1,7,36.8,5.7,5.9,33.9,1.6
Jalen Green,23.3,4.0,3.4,0.1,1.1,0.429,0.767,3.1,2.4,8,31.8,2.9,5.5,15.0,1.1
Ty Jerome,23.3,1.7,6.0,0.0,1.0,0.463,0.846,3.0,2.7,3,24.5,3.7,5.3,10.0,2.3
DeMar DeRozan,22.7,2.3,4.7,0.5,1.3,0.556,0.875,0.2,2.7,6,30.6,5.8,8.2,8.0,2.0
Tyler Herro,22.6,6.6,5.4,0.2,0.6,0.481,0.957,3.4,2.0,5,32.1,4.4,4.0,8.5,1.6
Kevin Durant,22.3,6.0,3.7,1.0,1.0,0.555,0.821,1.6,3.6,7,35.7,3.3,7.1,13.6,1.3
Karl-Anthony Towns,22.0,12.6,3.3,0.6,0.9,0.59,0.813,1.4,1.7,7,31.7,3.7,7.0,11.5,3.7
Desmond Bane,21.8,4.0,4.6,0.1,1.4,0.513,0.974,1.8,1.4,8,35.1,4.8,5.9,19.3,4.3
Jalen Duren,21.8,9.5,1.4,1.3,0.5,0.694,0.717,0.0,1.0,8,25.4,4.8,8.5,7.0,3.0
Evan Mobley,21.8,10.3,2.3,2.5,0.2,0.606,0.464,0.7,1.5,6,30.5,2.2,8.8,3.5,2.7
LaMelo Ball,21.7,5.1,5.6,0.1,1.0,0.428,0.846,4.1,2.4,7,28.2,1.6,3.9,12.3,3.3
OG Anunoby,21.5,5.8,2.4,0.5,1.6,0.552,0.912,3.1,1.8,8,33.6,3.9,4.1,9.5,2.5
Zion Williamson,21.5,6.0,2.5,0.3,0.5,0.671,0.686,0.0,1.8,6,30.1,5.8,7.8,6.2,2.0
De'Aaron Fox,21.3,3.6,7.0,0.5,1.0,0.54,0.692,2.0,1.6,8,31.4,2.3,6.5,30.8,2.6
James Harden,21.2,5.2,7.2,0.2,0.7,0.526,0.79,2.8,3.0,6,34.0,5.0,3.8,10.5,1.3
Darius Garland,21.2,2.5,7.3,0.0,1.2,0.46,0.786,4.0,3.2,6,27.7,1.8,3.7,19.8,1.5
Amen Thompson,21.1,8.0,5.9,0.4,1.3,0.596,0.744,0.6,2.1,7,38.3,4.6,7.4,19.3,2.1
Bennedict Mathurin,21.0,5.8,2.0,0.5,0.9,0.465,0.875,0.8,1.8,8,29.8,7.0,5.9,9.3,2.8
Jamal Murray,21.0,4.1,5.3,0.3,0.6,0.425,0.864,1.9,1.6,7,32.3,5.4,5.0,14.3,2.4
Trey Murphy III,21.0,5.7,4.8,0.5,1.7,0.46,0.828,3.7,1.7,6,34.2,4.0,3.0,10.3,1.8
Brandon Ingram,21.0,4.8,3.2,0.2,1.2,0.433,0.727,2.0,2.3,6,35.4,4.0,5.5,6.3,2.0
De'Anthony Melton,21.0,5.0,2.8,0.8,2.0,0.5,0.917,1.8,2.0,4,26.1,2.8,6.5,6.3,1.5
Quentin Grimes,20.9,4.4,2.8,0.3,1.1,0.468,0.816,1.1,2.3,8,34.5,5.0,6.3,11.7,1.6
Derrick White,20.8,4.7,4.8,0.8,0.8,0.451,0.931,2.7,1.3,6,33.5,4.5,4.2,13.8,2.2
Chet Holmgren,20.8,9.5,1.3,0.5,0.8,0.589,0.9,2.0,1.0,4,31.5,2.3,6.3,0.7,1.8
Kon Knueppel,20.4,3.7,2.6,0.3,0.6,0.506,0.893,3.7,0.6,7,31.3,3.6,2.9,5.0,2.3
Keyonte George,20.3,2.0,3.3,0.0,0.5,0.394,0.909,2.3,1.0,4,26.0,5.0,4.3,8.0,1.3
Brice Sensabaugh,20.1,3.0,2.4,0.4,1.0,0.467,0.826,3.1,2.3,7,24.7,2.7,4.0,6.6,1.7
Deni Avdija,20.0,5.4,7.4,1.2,1.0,0.427,0.838,1.0,4.0,5,32.6,6.2,5.4,14.5,2.0
Jayson Tatum,20.0,8.2,4.4,0.0,1.2,0.409,0.917,2.6,1.4,5,29.1,2.2,5.0,16.5,1.4
Kelly Oubre Jr.,20.0,6.3,2.0,0.3,1.3,0.467,0.737,1.3,2.7,3,29.1,4.7,5.7,1.1,1.3
Josh Giddey,19.8,11.8,13.0,0.2,1.6,0.474,0.778,3.6,3.6,5,37.9,1.4,3.8,20.7,1.8
Cade Cunningham,19.6,3.7,10.0,0.1,1.3,0.51,0.864,2.6,3.1,7,28.8,2.7,4.6,22.6,2.9
Jerami Grant,19.6,3.6,2.3,0.4,1.1,0.536,0.714,3.1,2.4,7,32.9,3.6,3.3,8.3,2.7
Kristaps Porzingis,19.0,4.5,3.3,2.3,1.0,0.442,0.862,1.3,1.5,4,22.7,6.3,4.5,10.3,2.8
Cooper Flagg,18.9,7.0,6.6,1.4,0.8,0.412,0.8,0.6,2.8,8,30.4,3.0,7.0,23.0,2.0
Julius Randle,18.6,6.9,2.9,0.1,1.1,0.489,0.825,1.0,3.3,7,29.8,4.7,5.4,10.9,3.1
Tre Jones,18.5,3.5,4.7,0.2,1.2,0.598,0.818,0.7,1.3,6,30.6,1.5,7.5,10.2,0.8
Norman Powell,18.5,3.5,3.0,0.5,0.5,0.438,0.636,1.0,0.5,2,30.9,3.5,6.0,3.0,2.0
Isaiah Collier,18.4,2.6,6.6,0.4,1.2,0.467,0.792,0.6,2.2,5,25.8,3.8,6.4,16.4,1.4
Brandin Podziemski,18.0,6.3,4.1,0.1,1.3,0.448,0.714,2.9,1.7,7,34.6,2.9,3.3,16.3,1.7
Bobby Portis Jr.,17.7,6.9,2.1,0.3,1.0,0.5,0.7,3.0,1.3,7,26.0,1.0,3.9,12.0,1.3
Gui Santos,17.6,6.3,5.0,0.3,1.3,0.47,0.7,2.1,2.6,7,34.7,2.0,4.6,18.6,2.9
GG Jackson II,17.4,4.4,2.2,1.0,0.4,0.462,0.625,1.0,3.2,5,27.5,2.0,6.2,6.5,1.4
Maxime Raynaud,17.3,8.4,1.9,1.3,0.1,0.565,0.882,0.3,2.3,7,31.9,2.1,7.1,7.5,2.3
Jrue Holiday,17.3,4.6,6.3,0.3,0.7,0.517,0.667,3.0,2.6,7,30.0,0.9,3.7,16.4,1.1
LeBron James,17.3,5.8,6.3,0.5,2.3,0.56,0.733,0.5,2.8,4,35.1,2.8,6.5,15.8,2.3
Daniel Gafford,17.3,12.0,1.5,1.0,0.3,0.811,0.563,0.0,1.3,4,25.2,2.3,7.5,5.5,2.5
Malik Monk,17.3,1.7,3.0,0.3,0.0,0.476,1.0,1.7,0.3,3,23.9,2.3,5.0,4.0,1.7
Alperen Sengun,17.0,6.6,3.8,0.8,0.2,0.529,0.556,0.2,4.2,5,28.9,2.0,7.2,5.1,3.6
CJ McCollum,16.8,3.8,4.3,0.3,0.8,0.398,0.783,2.2,2.5,6,29.8,3.0,3.7,15.9,2.0
Precious Achiuwa,16.7,9.6,2.0,1.4,0.6,0.593,0.818,0.9,0.9,7,32.7,1.3,6.4,3.0,2.1
Brandon Miller,16.6,6.7,3.4,0.3,1.7,0.414,0.941,2.6,2.3,7,31.7,2.3,3.3,8.9,3.1
Ryan Rollins,16.5,4.5,7.1,0.6,1.5,0.506,0.9,2.8,2.9,8,34.1,2.3,3.0,33.2,2.8
Saddiq Bey,16.5,5.3,1.7,0.3,1.0,0.405,0.807,1.0,0.7,6,31.5,4.2,4.7,8.0,1.7
Jaylen Wells,16.5,2.8,1.3,0.2,1.2,0.457,0.947,2.8,0.8,6,26.8,3.0,2.5,5.5,2.3
Ajay Mitchell,16.5,3.3,3.8,0.0,0.8,0.471,0.933,1.0,1.3,4,28.7,3.5,5.0,9.0,1.3
Ace Bailey,16.4,3.0,1.8,0.4,1.4,0.478,0.5,3.4,1.8,5,27.1,0.2,3.0,3.6,2.6
Kevin Porter Jr.,16.3,5.7,7.3,1.0,1.7,0.5,1.0,0.3,2.3,3,30.1,4.0,5.7,14.0,3.7
Stephon Castle,16.1,5.9,8.9,0.3,0.5,0.441,0.825,1.8,2.6,8,31.4,4.1,3.4,22.9,3.6
Jalen Suggs,15.9,4.1,5.3,0.5,1.8,0.461,0.813,2.5,2.6,8,30.7,1.6,3.4,19.3,2.0
Miles Bridges,15.7,5.0,2.3,0.1,0.9,0.442,0.824,1.7,1.6,7,31.1,2.0,4.3,8.0,1.0
Cody Williams,15.7,5.6,4.9,0.6,0.9,0.513,0.852,1.0,2.3,7,36.7,3.3,4.7,15.0,2.3
Scottie Barnes,15.7,5.5,4.3,1.3,1.2,0.468,0.938,1.2,1.7,6,35.3,2.5,4.8,17.0,2.5
Bilal Coulibaly,15.7,5.0,3.3,0.5,1.2,0.429,0.786,2.0,1.7,6,31.1,3.7,3.0,12.4,3.3
Will Riley,15.6,3.7,2.0,0.1,0.4,0.468,0.774,1.9,2.0,7,32.7,3.4,3.3,4.0,2.1
Scoot Henderson,15.6,2.3,3.0,0.4,0.6,0.446,0.727,2.7,2.3,7,23.4,2.3,2.6,7.4,3.0
Reed Sheppard,15.6,3.3,3.6,1.0,1.1,0.421,0.9,2.9,3.1,7,31.7,1.3,2.9,8.5,3.3
Jabari Smith Jr.,15.3,6.7,2.0,0.5,0.8,0.452,0.889,1.7,1.5,6,35.8,2.7,3.8,7.4,2.7
Trae Young,15.2,3.0,6.2,0.2,0.6,0.595,0.708,1.8,2.6,5,20.7,3.4,3.2,14.7,2.6
Naji Marshall,15.0,4.1,4.1,0.0,0.8,0.495,0.786,1.0,2.3,8,27.1,2.8,4.6,12.1,1.9
Aaron Nesmith,15.0,2.3,1.6,0.6,0.3,0.469,0.929,2.3,1.0,7,27.1,1.9,3.1,7.3,2.1
Klay Thompson,15.0,1.6,1.2,0.0,0.6,0.436,1.0,3.6,0.6,5,21.8,0.6,1.8,2.0,1.6
Russell Westbrook III,15.0,6.6,10.2,0.0,1.4,0.397,0.696,1.8,1.4,5,31.0,3.2,3.2,16.5,1.6
Max Strus,15.0,7.0,2.5,0.0,0.0,0.6,1.0,4.0,1.0,2,23.0,2.0,0.5,5.0,5.0
Pelle Larsson,14.9,3.3,3.0,0.1,0.7,0.47,0.919,1.1,1.6,7,31.0,4.9,3.3,20.0,2.3
VJ Edgecombe,14.8,5.8,3.8,1.2,1.0,0.375,1.0,0.4,2.0,5,31.3,3.6,5.0,7.3,3.0
Immanuel Quickley,14.7,3.3,5.3,0.0,1.7,0.387,0.9,2.0,1.2,6,33.4,3.0,2.8,28.5,2.0
Coby White,14.7,2.7,3.2,0.5,0.3,0.449,0.833,1.8,1.2,6,20.5,2.5,3.3,3.8,1.8
Josh Hart,14.7,9.2,3.3,0.0,0.7,0.632,0.7,1.5,1.5,6,27.6,1.2,4.5,15.5,3.2
Grayson Allen,14.6,2.0,5.4,0.0,1.2,0.392,0.84,2.4,1.0,5,27.8,4.2,1.6,21.0,2.8
Tristan da Silva,14.4,5.1,2.6,0.5,1.6,0.5,0.933,1.9,1.1,8,31.1,1.8,3.5,10.2,2.4
Javon Small,14.3,4.3,5.0,0.3,1.5,0.491,0.864,1.8,1.8,6,26.2,3.2,2.8,13.0,1.7
Kyle Filipowski,14.2,10.7,4.5,1.2,1.5,0.536,0.895,1.3,2.0,6,27.5,2.8,3.7,17.3,3.2
Cameron Johnson,14.0,3.2,2.5,0.5,0.7,0.58,0.813,2.2,0.5,6,27.7,2.2,2.7,6.5,2.3
Jaime Jaquez Jr.,13.9,4.0,6.6,0.1,0.4,0.467,0.909,1.0,1.1,7,29.0,2.9,4.0,22.0,2.0
Alex Sarr,13.8,4.8,0.5,2.3,1.0,0.468,0.667,1.8,1.5,4,20.6,1.0,3.8,2.0,1.5
Jarace Walker,13.6,6.8,3.6,0.1,0.9,0.459,0.75,1.6,2.1,8,31.5,2.3,3.3,8.5,2.0
Onyeka Okongwu,13.5,7.2,2.7,1.8,1.5,0.508,0.588,1.5,1.0,6,31.1,1.7,3.7,15.5,3.2
Devin Carter,13.5,4.5,3.0,0.0,1.0,0.588,1.0,1.5,1.0,2,11.2,2.0,3.5,1.5,1.0
Wendell Carter Jr.,13.4,7.0,2.4,0.8,1.0,0.594,0.774,0.9,1.0,8,28.9,3.0,3.9,12.0,2.6
Kyle Kuzma,13.4,2.4,3.1,0.4,1.0,0.537,0.727,2.0,1.7,7,26.5,1.1,3.1,11.2,2.6
Andrew Nembhard,13.4,2.6,6.2,0.0,1.4,0.431,0.783,1.0,1.8,5,26.5,3.6,3.4,16.2,1.2
Olivier-Maxence Prosper,13.3,4.7,1.0,0.6,1.1,0.507,0.5,1.9,1.4,7,25.9,1.4,3.1,5.5,2.6
Dyson Daniels,13.2,9.0,4.8,0.8,1.8,0.625,0.714,0.2,1.0,5,33.8,1.0,5.8,7.5,1.8
Taylor Hendricks,13.2,5.4,1.2,1.4,1.4,0.556,0.778,1.8,1.4,5,25.3,1.4,3.2,4.0,1.8
Tim Hardaway Jr.,13.1,2.1,1.7,0.0,0.4,0.439,0.65,3.0,0.9,7,24.1,1.9,1.1,7.5,1.7
Donovan Clingan,13.0,12.1,2.3,2.6,0.9,0.492,0.718,0.4,1.4,7,25.0,4.0,3.9,8.0,2.6
Ayo Dosunmu,13.0,3.7,2.2,0.2,0.5,0.567,0.5,1.5,1.5,6,27.4,0.2,4.2,7.0,2.3
Gary Payton II,13.0,6.5,1.8,0.3,1.7,0.561,0.692,0.8,0.7,6,23.3,1.5,4.5,4.0,2.5
Ziaire Williams,13.0,2.2,1.6,0.0,1.6,0.526,0.933,2.2,1.0,5,23.1,2.8,1.8,7.0,2.4
Aaron Gordon,13.0,5.4,2.2,0.6,0.4,0.417,0.762,1.8,1.2,5,25.2,3.2,2.2,4.7,0.8
Cedric Coward,13.0,6.5,2.5,0.8,0.5,0.452,0.7,1.8,2.5,4,23.5,1.8,3.0,5.3,3.0
Day'Ron Sharpe,13.0,5.7,2.3,0.3,1.3,0.63,0.75,0.7,2.3,3,18.9,1.0,5.0,2.8,3.0
Jay Huff,12.9,4.0,1.1,1.9,0.5,0.438,0.818,2.0,1.0,8,22.9,1.1,2.9,5.5,1.8
Christian Braun,12.9,5.3,3.1,0.1,0.9,0.516,0.7,1.4,0.7,7,33.2,2.0,3.3,16.0,2.0
P.J. Washington Jr.,12.7,7.3,1.7,0.6,1.4,0.421,0.706,1.9,0.7,7,30.6,1.7,2.7,5.5,1.4
Leaky Black,12.7,3.7,2.0,0.0,0.7,0.464,1.0,2.7,1.3,3,32.8,1.3,1.7,3.3,3.3
Tobias Harris,12.6,4.6,2.0,0.7,0.3,0.508,1.0,1.0,1.0,7,27.5,2.1,3.7,8.0,2.1
Khris Middleton,12.3,2.9,2.3,0.0,0.8,0.405,0.909,1.8,2.0,8,23.0,2.5,2.3,4.9,1.8
Tre Johnson,12.3,3.6,1.6,0.1,0.3,0.361,0.778,2.4,2.0,7,22.8,1.0,2.0,6.5,2.7
Cam Spencer,12.2,2.7,5.7,0.7,0.5,0.5,1.0,1.8,0.7,6,23.3,2.3,2.2,14.0,1.7
Payton Pritchard,12.2,4.0,4.5,0.5,0.7,0.382,1.0,1.8,1.5,6,33.2,0.7,3.0,14.5,1.5
Naz Reid,12.1,4.7,1.7,1.1,0.4,0.493,0.765,0.9,1.4,7,24.3,1.9,3.9,7.5,2.4
Devin Vassell,12.1,3.3,3.0,0.3,0.7,0.379,0.778,2.0,0.6,7,32.6,3.0,1.6,12.0,1.3
Daeqwon Plowden,12.0,3.4,1.1,0.1,1.4,0.414,0.714,2.3,0.9,7,29.1,1.4,1.9,3.5,3.3
Jeremiah Fears,12.0,3.3,3.5,0.2,0.5,0.415,0.727,1.7,1.3,6,20.2,1.3,2.8,12.2,2.3
Jakob Poeltl,12.0,9.2,2.8,1.4,0.6,0.737,0.571,0.0,0.8,5,29.3,0.8,5.6,8.5,3.4
Justin Champagnie,12.0,5.5,1.5,0.3,1.0,0.546,0.909,0.5,0.8,4,21.4,2.5,4.0,3.0,2.0
Simone Fontecchio,12.0,3.3,1.0,0.0,0.3,0.48,0.857,2.0,0.7,3,20.3,2.0,2.0,2.0,2.7
Dylan Harper,11.8,3.2,4.3,0.3,0.3,0.6,0.333,1.7,1.3,6,22.6,0.2,3.3,25.3,2.5
Josh Minott,11.8,2.0,0.3,1.0,0.8,0.448,0.867,2.0,1.5,4,17.4,3.3,1.3,0.5,0.5
Justin Edwards,11.7,3.4,2.9,0.4,2.1,0.557,0.625,1.3,0.9,7,22.8,0.7,3.6,14.0,1.9
Julian Reese,11.7,11.7,2.0,0.7,0.7,0.611,0.929,0.0,2.3,3,29.3,4.3,3.7,2.8,4.0
Nique Clifford,11.6,5.1,4.1,0.3,1.3,0.421,0.5,1.7,1.3,7,32.8,0.7,2.9,27.0,3.1
Isaiah Stewart,11.5,5.3,1.5,1.0,0.2,0.558,0.762,0.8,1.0,6,22.5,2.7,3.2,5.5,1.8
Harrison Barnes,11.5,4.3,1.5,0.0,0.3,0.556,0.889,2.0,1.0,4,22.1,2.0,1.8,6.0,1.5
Keshad Johnson,11.5,3.0,0.5,1.0,2.5,0.5,0.25,2.0,1.0,2,19.5,0.5,2.5,0.5,1.5
Keldon Johnson,11.3,4.4,0.9,0.1,0.0,0.474,0.8,1.5,0.3,8,22.1,0.5,3.1,0.0,2.1
Derrick Jones Jr.,11.3,4.0,1.4,1.4,1.6,0.493,0.714,1.3,0.8,8,30.2,1.3,3.1,3.5,1.9
Jaylin Williams,11.3,7.0,2.3,0.3,0.2,0.449,0.75,3.0,1.8,6,25.1,1.0,0.7,7.7,2.7
Noah Clowney,11.2,4.3,2.0,0.5,0.8,0.375,0.933,1.8,1.5,6,23.5,2.3,1.7,9.0,1.7
Tristan Vukcevic,11.2,4.4,1.0,0.6,0.2,0.488,0.75,2.0,1.8,5,16.4,1.2,2.0,3.0,1.6
Rui Hachimura,11.1,3.0,1.1,0.1,0.4,0.552,1.0,1.9,0.4,7,28.9,0.1,2.7,5.0,2.1
Julian Champagnie,11.0,5.8,1.4,0.4,0.8,0.476,0.692,2.4,1.1,8,28.0,1.1,1.4,2.3,1.4
Rayan Rupert,11.0,5.2,0.8,0.4,1.4,0.422,0.8,1.8,1.2,5,31.0,1.6,2.0,3.0,3.4
Scotty Pippen Jr.,11.0,3.0,3.0,0.0,1.0,0.571,0.667,1.0,2.0,1,23.4,2.0,3.0,1.5,4.0
Ethan Thompson,11.0,2.0,2.0,0.0,1.0,0.364,1.0,2.0,2.0,1,38.2,1.0,2.0,1.0,5.0
DaRon Holmes II,11.0,1.0,0.0,0.0,0.0,0.75,1.0,2.0,2.0,1,7.7,3.0,1.0,0.0,0.0
Cameron Payne,10.9,2.4,3.4,0.5,1.4,0.4,0.846,2.0,0.8,8,20.3,1.4,1.8,4.0,1.3
Jordan Miller,10.9,2.6,3.3,0.1,0.8,0.523,0.739,0.3,0.9,8,26.0,2.1,4.0,13.0,0.8
Bub Carrington,10.9,2.9,4.0,0.3,0.3,0.612,0.75,1.4,1.7,7,24.8,0.9,2.9,17.9,2.6
Brandon Williams,10.9,3.1,3.4,0.9,0.6,0.467,0.879,0.7,1.3,7,19.2,4.1,2.3,8.8,1.1
Duncan Robinson,10.8,2.9,2.8,0.1,0.3,0.556,0.75,2.1,0.3,8,23.6,1.1,1.6,7.0,2.3
Keon Ellis,10.8,3.3,1.0,0.8,0.7,0.539,0.727,2.5,0.5,6,27.1,1.3,1.0,2.5,2.2
Marcus Smart,10.8,2.0,2.2,0.2,1.7,0.411,0.8,2.5,1.2,6,32.1,0.7,1.3,6.0,3.0
Jabari Walker,10.8,4.0,1.0,0.2,0.6,0.613,0.8,1.6,1.2,5,17.1,1.6,2.2,3.5,1.6
Jalen Smith,10.8,6.0,0.8,0.5,0.0,0.35,0.769,1.3,0.5,4,27.7,2.5,2.3,3.0,2.8
Jordan Clarkson,10.7,1.7,1.1,0.1,0.3,0.566,0.889,1.0,0.7,7,15.4,1.1,3.3,6.0,1.7
Leonard Miller,10.7,7.3,1.2,0.5,0.7,0.482,0.889,0.7,0.3,6,26.3,1.3,3.7,1.0,1.8
Herbert Jones,10.7,3.5,2.3,0.5,1.7,0.407,0.75,1.7,1.5,6,28.6,1.0,2.3,11.5,2.8
Kel'el Ware,10.7,8.7,0.7,2.8,1.5,0.509,0.6,0.7,0.8,6,28.6,1.0,3.8,2.5,1.7
Quinten Post,10.5,4.0,2.3,0.8,0.3,0.457,0.833,1.3,2.5,4,23.1,1.3,2.8,4.6,2.0
John Collins,10.5,6.0,2.0,0.5,1.5,0.462,0.727,0.5,1.0,2,22.8,4.0,2.5,4.0,2.5
Toumani Camara,10.4,5.7,2.9,0.6,1.6,0.359,0.556,1.7,1.6,7,32.7,0.7,2.3,12.3,2.4
Robert Williams III,10.4,9.6,0.4,2.2,0.8,0.676,0.333,0.0,1.0,5,21.6,0.4,5.0,0.0,1.8
Isaiah Joe,10.3,3.2,1.0,0.3,0.2,0.438,0.909,1.7,0.3,6,24.5,1.7,1.8,1.0,1.7
Rudy Gobert,10.1,10.3,2.3,1.3,0.7,0.743,0.613,0.0,1.6,7,31.8,2.7,3.7,6.0,2.0
Brook Lopez,10.0,3.1,1.5,1.4,0.8,0.542,0.714,1.4,0.4,8,24.8,0.6,2.6,1.0,1.6
Ivica Zubac,10.0,7.0,1.5,0.8,0.5,0.514,0.8,0.0,0.8,4,23.7,1.0,4.5,2.5,1.8
Myles Turner,9.9,4.1,1.3,0.9,0.6,0.434,0.75,2.0,1.0,7,24.3,1.3,1.3,7.0,2.0
Bones Hyland,9.9,0.6,2.7,0.4,0.3,0.471,0.875,2.0,1.0,7,17.2,1.0,1.4,7.7,1.4
Jaden Hardy,9.8,1.7,1.2,0.3,0.5,0.429,0.778,1.7,1.5,6,19.0,1.2,1.8,5.0,2.3
Deandre Ayton,9.8,8.7,0.8,0.7,0.3,0.659,0.357,0.0,0.5,6,25.0,0.8,4.5,1.0,2.2
Nick Richards,9.8,8.3,1.0,1.3,0.2,0.525,0.593,0.2,1.5,6,24.4,2.7,3.3,3.3,2.7
Draymond Green,9.8,5.2,7.0,0.4,1.2,0.5,0.667,2.2,2.0,5,31.6,0.4,1.4,11.6,2.4
Walter Clayton Jr.,9.8,1.5,6.3,0.3,0.8,0.371,0.909,0.8,3.5,4,25.3,2.5,2.5,7.5,1.8
Rob Dillingham,9.7,3.3,3.3,0.0,0.8,0.387,0.5,1.5,1.8,6,22.7,0.2,2.5,14.1,3.7
Ousmane Dieng,9.7,5.2,3.2,0.2,0.5,0.451,0.0,2.0,1.7,6,27.5,0.0,1.8,14.0,2.5
Ronald Holland II,9.6,3.6,0.5,0.1,0.8,0.5,0.913,0.3,1.3,8,18.7,2.6,3.1,2.5,2.8
Blake Hinson,9.6,2.2,1.0,0.0,0.2,0.444,0.6,2.6,0.2,5,21.4,0.6,0.6,1.0,1.2
Sandro Mamukelashvili,9.5,5.2,1.7,0.5,1.0,0.512,0.615,1.2,1.0,6,20.6,1.3,2.3,7.0,2.2
LJ Cryer,9.5,2.3,0.8,0.0,0.2,0.447,0.909,2.2,0.5,6,17.9,1.7,0.7,3.0,1.8
Ochai Agbaji,9.5,2.8,0.5,0.8,1.3,0.654,0.5,0.8,1.3,4,19.4,0.3,3.5,1.5,1.5
Danny Wolf,9.4,6.6,2.6,0.9,0.1,0.375,0.846,1.1,2.0,7,23.8,3.1,1.4,12.4,3.0
Davion Mitchell,9.4,3.3,4.9,0.0,0.7,0.529,1.0,1.1,0.9,7,25.2,0.6,2.7,17.7,2.4
Royce O'Neale,9.3,4.4,2.3,0.6,1.1,0.417,0.0,3.0,0.8,8,27.2,0.0,0.1,2.7,2.3
Sam Merrill,9.3,4.5,3.3,0.0,0.5,0.4,0.75,1.5,0.0,4,27.0,0.8,2.0,0.0,3.0
Al Horford,9.3,5.3,3.5,1.8,0.3,0.357,0.0,1.8,1.0,4,25.1,0.0,2.0,14.0,0.8
MarJon Beauchamp,9.2,2.6,0.8,0.4,0.8,0.516,0.857,1.6,0.8,5,16.7,1.2,1.6,2.0,1.4
Guerschon Yabusele,9.2,3.6,1.2,0.2,0.6,0.412,0.75,1.8,1.0,5,24.0,1.8,1.0,6.0,1.8
Collin Gillespie,9.0,4.9,4.9,0.1,1.0,0.333,1.0,2.3,1.0,8,29.8,0.8,0.8,24.0,1.5
Max Christie,9.0,2.4,1.5,0.3,0.8,0.397,1.0,2.4,1.5,8,27.4,0.4,0.8,5.5,0.9
Jett Howard,9.0,3.0,1.0,0.3,0.3,0.404,1.0,1.7,0.7,6,21.8,1.0,1.5,4.0,1.7
Landry Shamet,8.9,2.3,1.1,0.0,0.5,0.393,0.786,1.5,1.1,8,26.2,1.4,1.5,1.7,2.4
Dominick Barlow,8.8,4.5,1.5,0.9,0.8,0.527,0.588,0.3,1.6,8,26.5,1.3,3.4,7.5,2.1
Kasparas Jakucionis,8.7,3.4,2.3,0.3,0.9,0.457,0.778,1.7,1.4,7,21.9,1.0,1.3,9.8,1.9
Jaden McDaniels,8.7,2.7,2.3,0.3,1.3,0.444,0.818,0.6,2.1,7,27.2,1.3,2.9,5.0,4.0
Zaccharie Risacher,8.7,4.8,0.8,0.5,1.0,0.462,0.75,1.7,1.0,6,20.2,1.0,1.3,2.7,1.2
Neemias Queta,8.6,7.9,1.6,1.1,0.6,0.571,0.706,0.0,1.0,7,26.9,1.7,3.4,7.5,2.6
Pat Spencer,8.6,2.4,3.3,0.0,1.0,0.418,0.857,1.1,1.1,7,21.1,0.9,2.1,17.0,0.9
T.J. McConnell,8.5,2.7,6.5,0.0,0.5,0.442,1.0,0.0,0.8,6,19.8,0.8,3.8,15.5,0.8
Jared McCain,8.5,1.2,0.5,0.0,0.3,0.415,1.0,2.2,0.5,6,15.1,0.7,0.7,0.5,1.0
Trendon Watford,8.4,3.8,2.8,1.1,0.6,0.519,0.786,0.0,1.5,8,20.4,1.4,3.5,10.0,3.3
Tyson Etienne,8.4,1.8,1.8,0.0,0.4,0.367,0.9,2.2,1.2,5,17.1,1.8,0.0,8.5,2.6
Baylor Scheierman,8.3,6.1,2.7,0.0,0.4,0.5,1.0,2.0,1.0,7,28.2,0.3,1.0,10.2,0.7
Obi Toppin,8.3,3.6,1.4,0.0,0.0,0.475,0.75,1.6,0.7,7,13.7,1.3,1.1,6.5,1.4
Nic Claxton,8.2,6.8,2.8,1.2,0.3,0.432,0.579,0.0,1.5,6,23.2,1.8,3.2,8.8,1.2
Thomas Bryant,8.2,3.0,0.2,0.7,0.5,0.472,0.778,1.3,0.3,6,14.9,1.2,1.5,0.0,1.2
Isaiah Jackson,8.1,5.8,1.5,1.6,0.8,0.684,0.619,0.0,0.9,8,18.5,1.6,3.3,8.0,2.5
Jevon Carter,8.1,2.1,2.5,0.3,0.5,0.407,0.5,1.8,1.1,8,19.7,0.4,1.3,11.0,1.6
Ben Saraf,8.1,1.4,4.1,0.1,1.1,0.476,0.895,0.0,2.4,7,21.5,2.4,2.9,15.1,2.3
Sam Hauser,8.1,5.3,1.3,0.3,0.7,0.351,0.0,2.4,0.3,7,26.2,0.0,0.4,2.0,1.7
Mikal Bridges,8.0,4.4,2.8,1.1,0.6,0.329,0.667,1.0,0.8,8,28.6,0.5,2.3,12.5,1.9
Oso Ighodaro,8.0,6.0,3.5,0.8,0.9,0.667,0.444,0.0,1.0,8,28.4,1.0,3.5,8.0,3.9
Bruce Brown Jr.,8.0,2.9,1.6,0.3,0.4,0.487,0.769,1.1,0.7,7,20.6,1.4,1.6,6.5,1.4
Karlo Matkovic,8.0,5.2,0.8,0.8,0.7,0.692,1.0,1.2,0.5,6,16.4,0.8,1.8,2.0,1.8
Drake Powell,8.0,1.5,1.3,0.8,0.3,0.344,1.0,1.5,1.3,4,25.1,1.0,1.3,3.5,2.0
Andrew Wiggins,8.0,4.0,1.0,0.0,2.0,0.4,0.0,0.0,0.0,1,22.9,0.0,4.0,0.0,0.0
Javonte Green,7.9,2.5,0.6,0.4,1.5,0.391,0.941,1.4,0.5,8,16.9,2.0,0.9,1.5,1.5
Kobe Brown,7.9,4.1,1.3,0.6,0.3,0.512,0.727,1.4,1.4,8,21.9,1.0,1.4,5.5,2.4
Micah Potter,7.9,4.1,0.9,0.3,0.3,0.529,0.867,0.9,0.6,7,13.6,1.9,1.7,1.0,1.4
Mitchell Robinson,7.8,10.3,1.2,0.7,1.3,0.742,0.333,0.0,1.2,6,20.0,0.2,3.8,4.0,1.3
Grant Williams,7.8,2.8,2.0,0.8,0.6,0.429,0.857,1.8,1.2,5,18.5,1.2,0.6,5.3,1.6
Jamir Watkins,7.8,3.0,2.3,0.3,2.0,0.546,0.429,1.0,1.8,4,18.5,0.8,2.0,5.3,1.8
Daniss Jenkins,7.7,2.3,5.0,0.6,1.6,0.362,0.696,0.6,1.9,7,21.3,2.3,1.9,17.5,1.0
Luka Garza,7.7,2.0,0.9,0.4,0.1,0.529,0.9,1.3,1.3,7,16.5,1.3,1.3,4.0,2.9
Donte DiVincenzo,7.6,4.6,2.1,0.1,1.0,0.34,0.833,1.7,1.1,7,28.1,0.7,0.9,12.7,1.7
Jaxson Hayes,7.6,3.4,0.8,0.0,0.8,0.546,0.778,0.0,0.2,5,20.4,2.8,2.4,0.0,2.0
Isaac Okoro,7.5,1.0,2.0,0.0,0.5,0.417,0.75,1.0,1.0,2,29.6,1.5,1.5,1.5,4.5
Elijah Harkless,7.4,1.9,2.3,0.3,0.7,0.286,0.842,1.1,1.6,7,23.1,2.3,0.9,6.7,2.3
Marcus Sasser,7.3,1.6,2.3,0.0,1.1,0.377,1.0,1.9,1.0,8,19.5,0.4,0.6,8.0,2.1
Luke Kennard,7.3,1.9,1.7,0.3,0.4,0.476,1.0,1.4,0.4,7,21.9,0.1,1.4,0.5,1.4
Luguentz Dort,7.3,3.5,0.7,0.3,0.5,0.255,0.714,1.7,1.0,6,27.0,1.7,0.3,2.3,3.0
Dean Wade,7.3,4.2,0.8,0.3,0.3,0.514,0.0,1.3,0.2,6,21.6,0.0,1.7,0.0,2.3
Alex Caruso,7.3,4.5,1.3,0.3,2.3,0.44,0.667,0.8,0.8,4,20.0,1.0,2.0,4.0,1.0
Gradey Dick,7.3,1.0,0.8,0.0,0.3,0.5,0.833,0.5,0.3,4,8.0,1.3,2.3,0.0,1.3
Carter Bryant,7.1,3.4,0.8,0.6,0.4,0.432,0.786,1.0,0.1,8,16.6,1.4,1.4,0.0,2.1
Killian Hayes,7.1,3.0,4.0,0.3,0.6,0.429,0.875,1.0,1.7,7,20.7,1.0,1.6,10.7,1.7
Kevin Huerter,7.0,3.3,2.6,0.6,0.6,0.375,1.0,1.0,0.5,8,20.3,0.8,1.6,7.0,1.0
Cam Thomas,7.0,0.7,2.2,0.0,0.3,0.441,0.533,0.7,0.5,6,13.0,1.3,1.8,6.0,0.8
Chaney Johnson,7.0,4.8,1.2,0.4,1.0,0.5,0.643,0.8,0.6,5,19.4,1.8,1.4,2.5,2.8
Drew Eubanks,7.0,6.3,0.8,0.8,0.3,0.632,0.444,0.0,0.5,4,15.1,1.0,3.0,3.0,1.5
Kevin Love,7.0,6.7,1.0,0.0,0.7,0.546,1.0,2.0,0.7,3,12.8,1.0,0.0,2.0,0.3
Kobe Sanders,6.8,2.3,1.3,0.0,1.3,0.536,1.0,1.5,1.3,6,19.0,0.3,1.0,4.5,3.0
Derik Queen,6.8,4.8,2.8,1.2,0.3,0.394,1.0,0.5,1.7,6,18.5,2.0,1.7,8.3,1.2
Julian Strawther,6.8,1.7,0.5,0.0,0.3,0.5,0.8,1.2,0.3,6,14.1,0.7,1.3,0.0,1.0
Terance Mann,6.8,3.8,2.3,0.3,0.0,0.458,0.75,0.5,1.0,4,23.2,0.8,2.3,7.5,2.0
Ryan Kalkbrenner,6.7,4.0,0.7,2.0,0.3,0.63,0.6,0.0,0.3,6,16.7,1.0,2.8,2.0,1.0
Nolan Traore,6.7,1.5,3.5,0.3,0.3,0.319,0.5,1.2,2.5,6,18.8,0.5,1.3,9.1,1.8
Bryce McGowens,6.7,3.0,1.7,1.0,0.7,0.462,1.0,0.3,0.3,3,20.7,2.3,1.7,3.0,1.3
Jaylon Tyson,6.6,2.2,1.8,0.2,0.0,0.353,1.0,1.4,1.0,5,19.4,0.4,1.0,6.0,2.2
Dalen Terry,6.6,2.0,3.0,0.8,0.2,0.519,0.5,0.4,0.4,5,20.4,0.6,2.4,6.0,2.0
Rasheer Fleming,6.5,3.5,0.3,0.9,0.4,0.487,0.4,1.5,0.4,8,17.6,0.5,0.8,1.0,1.4
Spencer Jones,6.5,3.7,0.7,0.5,1.0,0.5,0.0,0.8,0.2,6,20.9,0.0,2.0,0.0,2.5
Corey Kispert,6.5,1.7,2.0,0.0,0.0,0.4,0.875,0.7,0.2,6,14.5,1.2,1.7,4.0,1.0
Seth Curry,6.5,1.0,2.0,0.0,0.0,0.5,1.0,1.0,0.0,2,9.6,1.5,1.0,0.0,0.0
John Poulakidas,6.5,2.5,0.0,0.0,1.0,0.455,0.0,1.5,0.5,2,16.2,0.0,1.0,0.0,3.0
AJ Green,6.4,1.6,0.9,0.0,0.3,0.347,0.75,1.8,1.1,8,21.8,0.4,0.4,4.0,1.8
Jahmai Mashack,6.4,3.1,2.0,0.6,1.1,0.378,0.546,0.7,0.9,7,26.4,0.9,1.7,9.5,3.3
Adem Bona,6.4,5.9,0.9,1.3,0.6,0.5,0.778,0.0,0.9,7,22.9,1.0,2.7,5.0,1.9
Paul Reed,6.3,3.6,0.4,1.0,0.6,0.63,0.643,0.1,0.9,7,9.0,1.3,2.3,1.0,1.6
Marvin Bagley III,6.3,6.7,1.5,0.7,0.2,0.471,0.75,0.5,0.7,6,20.2,0.5,2.2,0.0,2.3
Dru Smith,6.3,3.3,2.7,0.2,2.0,0.516,0.8,0.3,1.2,6,18.8,0.7,2.3,8.7,2.5
Jalen Wilson,6.3,2.0,1.0,0.0,0.3,0.5,0.333,1.5,0.8,4,16.7,0.3,0.8,4.0,2.3
Jock Landale,6.2,2.3,1.2,0.2,0.0,0.5,0.3,0.7,0.2,6,15.3,0.5,1.8,0.0,2.3
Oscar Tshiebwe,6.2,5.0,0.8,0.0,1.0,0.593,0.556,0.0,0.5,6,15.7,0.8,2.7,0.5,1.2
Quenton Jackson,6.2,2.2,3.3,0.0,0.2,0.351,0.875,0.7,1.2,6,17.4,1.2,1.5,2.0,1.2
Ben Sheppard,6.1,2.6,1.6,0.0,0.7,0.462,0.0,1.0,0.9,7,19.7,0.0,1.6,7.0,2.3
Caris LeVert,6.0,2.4,2.0,0.4,1.0,0.306,0.5,1.2,1.4,5,20.0,0.4,1.0,4.2,0.8
Kenrich Williams,6.0,2.7,1.0,0.0,0.0,0.462,1.0,1.0,0.0,3,13.0,1.0,1.0,0.0,1.3
Yanic Konan Niederhauser,6.0,4.0,0.0,2.0,0.0,1.0,1.0,0.0,0.0,1,8.3,2.0,2.0,0.0,0.0
Jase Richardson,6.0,0.0,0.0,0.0,2.0,0.5,1.0,1.0,0.0,1,5.5,1.0,1.0,0.0,0.0
Moussa Cisse,6.0,7.0,1.0,3.0,1.0,0.6,0.0,0.0,0.0,1,25.5,0.0,3.0,0.0,0.0
Sean Pedulla,6.0,1.0,3.0,0.0,0.0,0.5,0.0,2.0,0.0,1,6.0,0.0,0.0,0.0,0.0
Tari Eason,5.9,6.3,1.4,0.3,1.4,0.312,0.667,0.1,1.1,7,26.3,0.3,2.6,6.5,3.4
Jordan Goodwin,5.8,4.4,1.8,0.2,1.0,0.458,0.6,0.8,0.4,5,19.4,0.6,1.4,4.0,2.6
Taurean Prince,5.8,2.0,0.8,0.0,0.6,0.458,0.0,1.4,0.4,5,17.9,0.0,0.8,3.0,2.0
Jericho Sims,5.7,5.4,1.6,0.0,0.3,0.818,0.5,0.0,1.0,7,22.2,0.6,2.6,5.3,2.1
Cason Wallace,5.7,2.8,2.8,0.7,2.3,0.368,1.0,0.3,1.0,6,26.0,0.7,2.0,4.2,1.8
Ja'Kobe Walter,5.7,2.0,1.2,0.2,1.5,0.345,0.8,1.0,0.2,6,18.4,1.3,0.7,0.0,2.7
Clint Capela,5.6,6.0,1.1,1.1,0.7,0.556,0.563,0.0,1.6,7,19.1,1.3,2.1,5.7,2.3
Jamal Cain,5.6,2.4,0.6,0.2,0.2,0.55,0.0,1.2,0.4,5,11.0,0.0,1.0,0.0,1.2
Haywood Highsmith,5.5,2.2,1.2,0.0,0.7,0.5,0.833,1.3,0.0,6,13.4,0.8,0.3,0.0,1.3
DeJon Jarreau,5.5,6.0,4.5,0.0,0.5,0.4,0.75,0.0,2.5,2,23.5,1.5,2.0,4.0,3.0
Moritz Wagner,5.4,4.9,0.9,0.0,0.1,0.255,0.8,0.4,0.8,8,14.2,2.0,1.1,2.5,2.5
Moussa Diabate,5.4,9.1,3.1,1.1,1.1,0.421,0.75,0.0,0.9,7,29.2,0.9,2.3,10.0,2.6
Ron Harper Jr.,5.4,1.0,0.6,0.0,0.2,0.556,0.0,1.4,0.4,5,11.7,0.0,0.6,0.0,0.6
Kris Dunn,5.3,4.6,3.6,0.1,2.1,0.425,0.5,0.9,1.0,8,26.1,0.1,1.3,6.0,2.5
Anthony Gill,5.3,3.0,1.4,0.3,0.6,0.577,0.714,0.3,0.7,7,21.5,0.7,1.9,5.5,3.0
Jalen Slawson,5.3,4.0,2.8,1.3,1.8,0.273,0.833,1.0,1.3,4,22.8,1.3,0.5,1.7,2.5
Patrick Williams,5.3,1.3,1.0,1.3,0.0,0.25,1.0,1.3,2.0,3,20.0,0.7,0.3,2.5,1.7
Jake LaRavia,5.0,3.0,1.7,0.1,0.7,0.345,0.833,0.0,0.9,7,15.6,2.1,1.4,6.0,1.9
Doug McDermott,5.0,1.3,0.7,0.0,0.2,0.345,0.0,1.7,0.3,6,17.3,0.0,0.0,2.0,0.8
Tyler Burton,5.0,4.7,0.7,0.3,1.0,0.167,0.667,1.0,1.7,3,26.0,1.3,0.3,1.0,2.3
Taelon Peter,5.0,1.0,0.3,0.0,0.7,0.417,0.667,1.0,1.0,3,14.0,0.7,0.7,1.0,0.3
Andersson Garcia,5.0,7.7,1.7,0.7,1.7,0.278,1.0,0.3,2.0,3,32.2,1.3,1.3,2.2,3.3
Mo Bamba,5.0,10.0,0.5,1.0,0.0,0.556,0.0,0.0,1.0,2,19.0,0.0,2.5,0.5,2.0
Mohamed Diawara,4.9,1.9,1.1,0.0,0.1,0.357,1.0,0.9,0.8,8,13.8,0.3,1.0,1.0,1.1
Jonas Valanciunas,4.9,3.3,1.0,0.0,0.0,0.565,0.667,0.0,1.0,7,8.2,1.1,1.9,1.5,1.4
Aaron Wiggins,4.8,2.3,0.8,0.2,0.3,0.423,0.625,0.3,0.5,6,15.2,0.8,1.5,0.0,1.2
Dorian Finney-Smith,4.8,3.2,2.6,0.4,1.0,0.429,0.0,1.2,1.0,5,23.6,0.0,0.6,2.3,1.6
Yves Missi,4.7,6.5,1.3,2.3,0.5,0.55,0.667,0.0,1.0,6,20.0,1.0,1.8,5.0,1.2
Nae'Qwan Tomlin,4.7,0.7,0.3,0.0,1.0,0.583,0.0,0.0,1.3,3,11.1,0.0,2.3,0.5,1.7
Luke Kornet,4.6,4.7,1.4,0.6,0.6,0.619,1.0,0.0,0.4,7,17.4,0.9,1.9,3.0,1.9
Andre Drummond,4.6,8.8,2.2,0.0,0.4,0.345,0.667,0.2,1.2,5,22.1,0.4,1.8,5.3,3.2
Jonathan Kuminga,4.5,8.5,1.5,0.0,0.0,0.182,0.556,0.0,2.0,2,19.1,2.5,1.0,1.5,2.0
Kam Jones,4.4,1.6,4.0,0.0,0.8,0.364,0.0,1.2,1.8,5,15.5,0.0,0.4,9.7,1.8
Ryan Nembhard,4.3,2.0,3.9,0.0,0.5,0.389,0.0,0.8,0.9,8,15.3,0.0,1.0,17.2,1.1
Pete Nance,4.3,2.6,0.7,0.3,0.3,0.546,0.0,0.9,0.4,7,15.8,0.0,0.9,2.0,1.4
Gary Trent Jr.,4.3,1.3,0.0,0.0,0.0,0.304,0.0,0.8,0.5,4,11.5,0.0,1.0,0.0,1.3
Kris Murray,4.3,3.3,0.8,0.3,0.5,0.539,0.0,0.8,1.0,4,16.9,0.0,1.0,2.5,0.8
Dennis Schroder,4.2,1.8,3.8,0.2,0.2,0.385,0.75,0.3,0.8,6,19.8,0.5,1.3,14.0,1.8
Sion James,4.1,3.3,1.7,0.3,0.1,0.318,0.818,0.9,0.7,7,18.0,1.3,0.1,9.0,1.7
Vit Krejci,4.0,4.2,2.0,0.0,0.3,0.29,0.0,1.0,0.8,6,17.3,0.0,0.5,6.5,1.0
Ryan Dunn,4.0,3.2,0.7,0.3,0.8,0.556,0.0,0.7,0.0,6,14.1,0.0,1.0,0.0,2.0
E.J. Liddell,4.0,3.4,1.6,1.0,0.4,0.5,0.0,0.4,1.2,5,13.5,0.0,1.4,3.5,2.2
Pacome Dadiet,4.0,1.5,0.3,0.3,0.0,0.429,0.0,1.0,0.5,4,5.4,0.0,0.5,1.0,0.5
Norchad Omier,4.0,1.5,0.5,0.0,0.5,0.8,0.0,0.0,0.0,2,5.7,0.0,2.0,0.0,1.0
Anthony Black,4.0,2.0,1.5,0.0,1.5,0.25,0.5,0.0,0.0,2,12.9,1.0,1.5,0.0,1.5
Jordan Poole,4.0,1.0,2.0,2.0,0.0,0.222,0.0,0.0,1.0,1,18.2,0.0,2.0,2.0,3.0
Jose Alvarado,3.9,0.9,4.0,0.0,0.5,0.379,0.833,0.5,0.8,8,13.6,0.6,0.9,18.5,1.4
Hugo Gonzalez,3.9,2.9,0.7,0.6,0.3,0.435,1.0,0.7,0.4,7,15.2,0.3,0.7,2.0,2.0
Mouhamed Gueye,3.8,2.5,0.2,0.2,0.7,0.615,0.833,0.3,0.0,6,9.8,0.8,1.0,0.0,0.7
Goga Bitadze,3.8,3.2,1.2,0.0,0.0,0.667,0.429,0.0,0.2,6,6.6,0.5,1.7,2.0,0.8
Jamal Shead,3.8,1.8,3.7,0.3,0.7,0.296,0.667,0.5,1.0,6,19.9,0.7,0.8,9.8,2.0
Terrence Shannon Jr.,3.8,0.2,1.2,0.0,0.0,0.467,1.0,0.6,0.2,5,6.6,0.4,0.8,0.0,0.4
Nate Williams,3.7,1.7,0.3,0.0,0.2,0.36,1.0,0.2,0.5,6,10.8,0.5,1.3,1.0,1.3
Sidy Cissoko,3.7,1.7,1.0,0.7,0.7,0.429,0.5,0.5,0.5,6,15.3,0.2,1.0,5.0,1.7
Jordan Walsh,3.7,2.7,0.3,0.0,0.0,0.8,0.5,0.7,0.0,3,9.8,0.3,0.7,0.0,1.0
Khaman Maluach,3.5,3.3,0.3,0.9,0.1,0.632,0.667,0.0,1.0,8,13.6,0.5,1.5,0.5,1.1
Kyle Anderson,3.5,4.2,3.0,0.5,0.3,0.571,0.625,0.0,1.0,6,16.4,0.8,1.3,10.0,2.2
Lindy Waters III,3.5,1.3,1.0,0.0,0.0,0.556,0.0,1.0,0.3,4,7.7,0.0,0.3,2.0,0.5
Tyrese Martin,3.5,1.8,1.0,0.3,0.8,0.4,0.0,0.5,1.8,4,12.4,0.0,1.0,0.8,0.5
Nikola Vucevic,3.5,2.0,0.5,0.5,0.0,0.2,1.0,0.5,0.0,2,9.3,1.0,0.5,0.0,0.5
Kelly Olynyk,3.5,3.0,2.0,0.5,0.5,0.4,1.0,0.5,0.0,2,8.9,1.0,0.5,0.0,0.0
Malachi Smith,3.5,3.5,2.5,1.0,0.5,0.273,1.0,0.0,3.0,2,20.6,0.5,1.5,4.2,1.0
Sharife Cooper,3.4,1.3,2.4,0.0,0.1,0.304,0.818,0.1,1.1,7,11.2,1.3,0.9,8.3,1.0
Josh Okogie,3.4,2.0,1.1,0.1,0.6,0.429,0.0,0.9,0.0,7,12.8,0.0,0.4,0.0,0.7
Matisse Thybulle,3.4,1.4,1.1,0.1,2.1,0.321,0.0,0.9,0.9,7,12.7,0.0,0.4,7.0,2.0
Blake Wesley,3.4,0.0,1.2,0.0,0.2,0.6,0.667,0.6,1.0,5,8.3,0.4,0.6,2.5,1.6
Will Richard,3.3,3.5,1.0,0.0,2.0,0.238,1.0,0.5,1.0,4,30.6,0.3,0.8,1.5,3.3
Ausar Thompson,3.3,2.7,1.7,0.7,0.3,0.333,0.0,0.0,1.0,3,17.9,0.0,1.7,5.0,2.3
Amir Coffey,3.2,1.6,0.0,0.2,0.2,0.625,0.571,0.4,0.0,5,9.2,0.8,0.6,0.0,1.2
Jaylen Clark,3.2,0.2,0.2,0.0,0.0,0.6,1.0,0.6,0.0,5,3.9,0.2,0.6,0.0,0.2
Noah Penda,3.1,3.5,1.5,0.1,1.0,0.375,0.833,0.3,0.5,8,15.4,0.6,0.9,2.5,1.3
Caleb Martin,3.0,2.5,0.5,0.5,0.2,0.375,0.833,0.2,0.8,6,13.4,0.8,0.8,3.0,1.2
Aaron Holiday,3.0,1.0,0.8,0.0,0.8,0.217,1.0,0.0,0.3,4,9.6,0.5,1.3,3.0,0.8
Drew Timme,3.0,1.3,0.3,0.0,0.0,0.8,0.0,0.3,0.3,3,9.8,0.0,1.0,1.0,1.0
Dylan Cardwell,3.0,7.0,1.3,0.0,0.3,0.5,0.25,0.0,0.0,3,15.6,0.3,1.3,0.0,2.3
Larry Nance Jr.,3.0,2.0,0.5,0.0,0.0,1.0,0.0,1.0,0.5,2,5.4,0.0,0.0,0.0,0.5
Gary Harris,3.0,0.0,0.5,0.0,0.5,0.4,0.0,1.0,0.0,2,13.5,0.0,0.0,0.0,1.0
Bez Mbeng,3.0,3.5,3.5,1.5,2.0,0.3,0.0,0.0,3.0,2,33.2,0.0,1.5,2.3,3.0
Alijah Martin,3.0,0.0,0.0,0.0,0.5,1.0,0.75,0.5,0.5,2,2.4,1.5,0.0,0.0,0.0
Antonio Reeves,3.0,3.0,0.0,0.0,0.0,1.0,0.0,1.0,0.0,1,4.6,0.0,0.0,0.0,0.0
Josh Green,2.9,1.6,0.7,0.1,0.6,0.333,1.0,0.7,0.6,7,16.0,0.4,0.1,3.0,1.3
Gabe Vincent,2.8,0.7,1.0,0.0,0.2,0.4,0.0,0.8,0.3,6,10.2,0.0,0.2,0.5,0.7
Malevy Leons,2.7,2.0,0.9,0.6,0.4,0.364,1.0,0.1,0.1,7,11.9,0.3,1.0,0.0,1.7
Nicolas Batum,2.6,1.3,0.7,0.1,0.3,0.462,0.0,0.9,0.0,7,11.2,0.0,0.0,0.0,1.0
Pat Connaughton,2.6,1.4,0.2,0.0,0.6,0.308,0.5,0.8,0.0,5,6.2,0.2,0.0,0.0,0.0
Taj Gibson,2.5,2.5,0.0,0.5,0.5,0.286,0.0,0.5,0.0,2,9.8,0.0,0.5,0.0,1.5
Yang Hansen,2.5,0.5,0.0,0.0,0.0,0.5,1.0,0.0,0.0,2,2.5,1.5,0.5,0.0,0.0
Tristan Enaruna,2.5,1.0,0.5,0.0,0.5,0.286,0.0,0.5,0.5,2,5.4,0.0,0.5,0.0,0.5
DeAndre Jordan,2.5,4.5,1.5,0.5,0.0,0.333,0.75,0.0,0.0,2,16.3,1.5,0.5,0.0,1.5
Myron Gardner,2.4,4.0,0.9,0.0,0.6,0.4,0.75,0.3,0.7,7,10.7,0.4,0.6,3.0,1.9
Dwight Powell,2.3,3.7,0.7,0.4,0.3,0.833,0.857,0.0,0.7,7,11.1,0.9,0.7,2.0,2.3
Jeff Green,2.3,1.0,0.0,0.0,0.0,0.273,1.0,0.3,0.0,4,5.8,0.5,0.5,0.0,0.8
Julian Phillips,2.3,0.5,0.3,0.3,0.3,0.5,1.0,0.3,0.0,4,4.4,0.5,0.5,0.0,0.0
Jalen Pickett,2.3,0.3,0.7,0.0,0.0,0.4,0.5,0.7,0.3,3,7.4,0.3,0.0,1.0,0.7
Jordan Hawkins,2.3,1.0,0.0,0.0,0.0,0.5,1.0,0.3,0.0,3,2.4,0.7,0.3,0.0,0.0
Tyus Jones,2.0,0.6,1.0,0.0,0.0,0.333,0.0,0.4,0.6,5,7.6,0.0,0.4,0.5,0.0
Jeremy Sochan,2.0,1.3,0.5,0.0,1.0,1.0,0.0,0.0,0.5,4,4.6,0.0,1.0,1.0,0.3
Zeke Nnaji,2.0,2.8,0.5,0.0,0.8,0.273,0.5,0.3,0.8,4,11.9,0.3,0.5,2.0,1.5
Rocco Zikarsky,2.0,1.3,0.0,1.0,0.0,0.6,0.0,0.0,0.0,3,4.1,0.0,1.0,0.0,0.3
Riley Minix,2.0,1.5,1.0,0.0,0.0,0.667,0.0,0.0,0.5,2,5.4,0.0,1.0,0.0,0.5
Jayson Kent,2.0,1.0,0.0,0.0,0.0,1.0,0.0,0.0,0.0,1,3.2,0.0,1.0,0.0,0.0
Isaac Jones,2.0,2.0,0.0,0.0,0.0,1.0,0.0,0.0,0.0,1,5.4,0.0,1.0,0.0,0.0
Brooks Barnhizer,2.0,1.0,2.0,0.0,0.0,1.0,0.0,0.0,0.0,1,11.7,0.0,1.0,0.0,0.0
Jordan McLaughlin,1.8,0.6,0.6,0.0,0.0,0.6,0.0,0.6,0.0,5,4.0,0.0,0.0,0.0,0.0
Jarred Vanderbilt,1.8,3.4,1.2,0.2,0.2,0.364,0.0,0.2,0.2,5,12.0,0.0,0.6,3.0,1.6
Isaiah Crawford,1.7,1.3,0.3,0.0,0.0,0.2,0.75,0.0,0.0,3,6.3,1.0,0.3,0.0,0.3
Craig Porter Jr.,1.7,2.3,1.3,0.0,0.3,0.667,0.0,0.3,1.0,3,11.3,0.0,0.3,1.5,0.3
Lachlan Olbrich,1.6,1.2,0.6,0.2,0.4,0.5,0.0,0.0,0.8,5,5.5,0.0,0.8,2.5,0.6
Yuki Kawamura,1.6,0.8,1.6,0.0,0.0,0.4,1.0,0.2,1.0,5,7.3,0.6,0.2,6.7,0.8
Jamison Battle,1.6,1.8,0.4,0.0,0.2,0.375,0.0,0.4,0.2,5,8.4,0.0,0.2,1.0,0.4
Cam Christie,1.5,1.5,0.8,0.0,0.3,0.2,0.5,0.0,0.0,4,5.7,0.5,0.5,0.0,0.3
Garrett Temple,1.5,0.5,0.0,0.0,0.0,0.0,0.75,0.0,0.0,2,3.7,1.5,0.0,0.0,0.0
Tyler Smith,1.5,1.0,0.0,0.0,0.5,0.167,0.5,0.0,1.0,2,5.3,0.5,0.5,0.0,0.0
Dalton Knecht,1.5,0.5,0.5,0.0,0.0,1.0,0.0,0.5,0.5,2,2.8,0.0,0.0,1.0,0.0
Jahmir Young,1.5,0.0,0.0,0.0,0.0,0.5,1.0,0.0,0.5,2,2.2,0.5,0.5,0.0,0.5
Bobi Klintman,1.5,0.5,1.0,0.0,0.0,0.5,0.0,0.5,0.5,2,2.6,0.0,0.0,2.0,0.0
Tyler Kolek,1.3,0.8,3.8,0.3,0.5,0.333,0.0,0.3,0.0,4,8.8,0.0,0.3,0.0,0.0
AJ Johnson,1.2,0.6,0.4,0.2,0.0,0.333,0.0,0.0,0.2,5,5.8,0.0,0.6,1.0,0.6
Andre Jackson Jr.,1.0,1.2,0.2,0.0,0.0,0.333,0.0,0.2,0.4,5,3.8,0.0,0.2,1.0,0.2
Jonathan Mogbo,1.0,1.5,0.8,0.3,0.3,1.0,0.0,0.0,0.8,4,5.8,0.0,0.5,2.0,1.3
John Konchar,1.0,5.0,2.5,0.8,2.3,0.111,0.5,0.0,0.5,4,28.6,0.5,0.3,2.0,3.3
Micah Peavy,1.0,0.5,0.3,0.0,0.0,0.25,0.5,0.0,0.3,4,2.0,0.5,0.3,1.0,0.3
Thanasis Antetokounmpo,1.0,1.0,0.3,0.5,0.5,0.5,0.5,0.0,0.3,4,4.0,0.5,0.3,1.0,0.0
Christian Koloko,1.0,0.5,0.0,0.5,0.5,1.0,0.0,0.0,0.5,2,2.2,0.0,0.5,0.0,0.0
David Roddy,1.0,2.0,1.0,0.0,0.5,0.0,1.0,0.0,0.0,2,6.1,1.0,0.0,0.0,1.0
Omer Yurtseven,1.0,2.0,0.5,0.0,0.0,0.0,1.0,0.0,0.5,2,7.4,1.0,0.0,0.0,1.5
Trayce Jackson-Davis,1.0,4.0,1.0,0.0,0.0,0.2,0.0,0.0,0.0,2,3.5,0.0,0.5,0.0,0.0
Keaton Wallace,1.0,1.0,0.5,0.0,0.0,0.5,0.0,0.0,0.5,2,2.2,0.0,0.5,0.0,0.0
Kevin McCullar Jr.,1.0,1.0,0.0,0.0,0.5,0.5,0.0,0.0,0.5,2,2.3,0.0,0.5,0.0,0.0
Kobe Bufkin,1.0,0.0,0.5,0.0,0.0,0.25,0.0,0.0,0.0,2,2.8,0.0,0.5,0.0,1.0
Chaz Lanier,0.8,0.0,0.3,0.0,0.0,0.125,0.0,0.3,0.0,4,5.0,0.0,0.0,0.0,1.0
Joe Ingles,0.7,0.3,1.3,0.0,0.0,1.0,0.0,0.0,0.3,3,3.9,0.0,0.3,3.0,0.0
Xavier Tillman Sr.,0.7,2.0,1.0,0.3,0.0,0.333,0.0,0.0,0.0,3,7.0,0.0,0.3,0.0,0.7
Tre Mann,0.7,0.0,0.3,0.0,0.7,0.0,1.0,0.0,0.3,3,3.2,0.7,0.0,0.0,0.7
TyTy Washington Jr.,0.7,0.0,0.3,0.0,0.0,0.5,0.0,0.0,0.7,3,3.3,0.0,0.3,0.5,0.3
Amari Williams,0.7,0.3,0.3,0.0,0.0,1.0,0.0,0.0,0.3,3,1.7,0.0,0.3,0.0,0.0
Kyle Lowry,0.5,1.3,0.8,0.0,0.0,0.0,1.0,0.0,0.3,4,9.2,0.5,0.0,2.0,1.0
Ariel Hukporti,0.5,1.8,0.5,0.3,0.3,0.5,0.0,0.0,1.0,4,10.3,0.0,0.3,0.0,1.5
Mason Plumlee,0.3,2.0,0.3,0.0,0.7,0.0,0.5,0.0,0.0,3,4.8,0.3,0.0,0.0,1.3
Bismack Biyombo,0.3,1.7,0.0,0.0,0.0,0.0,0.5,0.0,0.3,3,4.3,0.3,0.0,0.0,0.7
D'Angelo Russell,0.0,0.0,0.0,0.0,0.0,0.0,0.0,0.0,0.0,0,0.0,0.0,0.0,0.0,0.0
Isaiah Livers,0.0,0.0,0.0,0.0,0.0,0.0,0.0,0.0,0.0,2,1.1,0.0,0.0,0.0,0.0
,0.0,0.0,0.0,0.0,0.0,0.0,0.0,0.0,0.0,0,0.0,0.0,0.0,0.0,0.0
Zach LaVine,0.0,0.0,0.0,0.0,0.0,0.0,0.0,0.0,0.0,0,0.0,0.0,0.0,0.0,0.0
Keshon Gilbert,0.0,0.0,0.0,0.0,0.0,0.0,0.0,0.0,0.0,0,0.0,0.0,0.0,0.0,0.0
Grant Nelson,0.0,0.0,0.0,0.0,0.0,0.0,0.0,0.0,0.0,1,2.3,0.0,0.0,0.0,0.0
Payton Sandfort,0.0,0.0,0.0,0.0,0.0,0.0,0.0,0.0,0.0,0,0.0,0.0,0.0,0.0,0.0
Domantas Sabonis,0.0,0.0,0.0,0.0,0.0,0.0,0.0,0.0,0.0,0,0.0,0.0,0.0,0.0,0.0
Buddy Hield,0.0,0.0,0.0,0.0,0.0,0.0,0.0,0.0,0.0,0,0.0,0.0,0.0,0.0,0.0
Josh Oduro,0.0,0.0,0.0,0.0,0.0,0.0,0.0,0.0,0.0,0,0.0,0.0,0.0,0.0,0.0
Terry Rozier,0.0,0.0,0.0,0.0,0.0,0.0,0.0,0.0,0.0,0,0.0,0.0,0.0,0.0,0.0
Kevon Looney,0.0,0.0,0.0,0.0,0.0,0.0,0.0,0.0,0.0,0,0.0,0.0,0.0,0.0,0.0
Bogdan Bogdanovic,0.0,0.0,0.0,0.0,0.0,0.0,0.0,0.0,0.0,0,0.0,0.0,0.0,0.0,0.0
Mike Conley,0.0,0.0,0.0,0.0,0.0,0.0,0.0,0.0,0.0,0,0.0,0.0,0.0,0.0,0.0
Paul George,0.0,0.0,0.0,0.0,0.0,0.0,0.0,0.0,0.0,0,0.0,0.0,0.0,0.0,0.0
Stephen Curry,0.0,0.0,0.0,0.0,0.0,0.0,0.0,0.0,0.0,0,0.0,0.0,0.0,0.0,0.0
Kyrie Irving,0.0,0.0,0.0,0.0,0.0,0.0,0.0,0.0,0.0,0,0.0,0.0,0.0,0.0,0.0
Jimmy Butler III,0.0,0.0,0.0,0.0,0.0,0.0,0.0,0.0,0.0,0,0.0,0.0,0.0,0.0,0.0
Joel Embiid,0.0,0.0,0.0,0.0,0.0,0.0,0.0,0.0,0.0,0,0.0,0.0,0.0,0.0,0.0
Bradley Beal,0.0,0.0,0.0,0.0,0.0,0.0,0.0,0.0,0.0,0,0.0,0.0,0.0,0.0,0.0
Damian Lillard,0.0,0.0,0.0,0.0,0.0,0.0,0.0,0.0,0.0,0,0.0,0.0,0.0,0.0,0.0
Jusuf Nurkic,0.0,0.0,0.0,0.0,0.0,0.0,0.0,0.0,0.0,0,0.0,0.0,0.0,0.0,0.0
Anthony Davis,0.0,0.0,0.0,0.0,0.0,0.0,0.0,0.0,0.0,0,0.0,0.0,0.0,0.0,0.0
Kentavious Caldwell-Pope,0.0,0.0,0.0,0.0,0.0,0.0,0.0,0.0,0.0,0,0.0,0.0,0.0,0.0,0.0
Steven Adams,0.0,0.0,0.0,0.0,0.0,0.0,0.0,0.0,0.0,0,0.0,0.0,0.0,0.0,0.0
Chris Youngblood,0.0,0.0,0.0,0.0,0.0,0.0,0.0,0.0,0.0,0,0.0,0.0,0.0,0.0,0.0
Dillon Brooks,0.0,0.0,0.0,0.0,0.0,0.0,0.0,0.0,0.0,0,0.0,0.0,0.0,0.0,0.0
Fred VanVleet,0.0,0.0,0.0,0.0,0.0,0.0,0.0,0.0,0.0,0,0.0,0.0,0.0,0.0,0.0
Tyrese Haliburton,0.0,0.0,0.0,0.0,0.0,0.0,0.0,0.0,0.0,0,0.0,0.0,0.0,0.0,0.0
Patrick Baldwin Jr.,0.0,1.0,0.0,0.0,0.0,0.0,0.0,0.0,0.0,1,5.9,0.0,0.0,0.0,1.0
Vince Williams Jr.,0.0,0.0,0.0,0.0,0.0,0.0,0.0,0.0,0.0,0,0.0,0.0,0.0,0.0,0.0
Caleb Houstan,0.0,0.0,0.0,0.0,0.0,0.0,0.0,0.0,0.0,2,2.2,0.0,0.0,0.0,0.5
Wendell Moore Jr.,0.0,0.0,0.0,0.0,0.0,0.0,0.0,0.0,0.0,0,0.0,0.0,0.0,0.0,0.0
Alex Morales,0.0,0.0,0.0,0.0,0.0,0.0,0.0,0.0,0.0,0,0.0,0.0,0.0,0.0,0.0
Cam Whitmore,0.0,0.0,0.0,0.0,0.0,0.0,0.0,0.0,0.0,0,0.0,0.0,0.0,0.0,0.0
Dereck Lively II,0.0,0.0,0.0,0.0,0.0,0.0,0.0,0.0,0.0,0,0.0,0.0,0.0,0.0,0.0
Zach Edey,0.0,0.0,0.0,0.0,0.0,0.0,0.0,0.0,0.0,0,0.0,0.0,0.0,0.0,0.0
Nick Smith Jr.,0.0,0.0,0.0,0.0,0.0,0.0,0.0,0.0,0.0,0,0.0,0.0,0.0,0.0,0.0
Tosan Evbuomwan,0.0,0.0,0.0,0.0,0.0,0.0,0.0,0.0,0.0,0,0.0,0.0,0.0,0.0,0.0
Trey Jemison III,0.0,0.0,0.0,0.0,0.0,0.0,0.0,0.0,0.0,0,0.0,0.0,0.0,0.0,0.0
Kyshawn George,0.0,0.0,0.0,0.0,0.0,0.0,0.0,0.0,0.0,0,0.0,0.0,0.0,0.0,0.0
Brandon Clarke,0.0,0.0,0.0,0.0,0.0,0.0,0.0,0.0,0.0,0,0.0,0.0,0.0,0.0,0.0
Dillon Jones,0.0,0.0,0.0,0.0,0.0,0.0,0.0,0.0,0.0,0,0.0,0.0,0.0,0.0,0.0
Tidjane Salaun,0.0,0.0,0.0,0.0,0.0,0.0,0.0,0.0,0.0,0,0.0,0.0,0.0,0.0,0.0
Nikola Topic,0.0,0.0,0.0,0.0,0.0,0.0,0.0,0.0,0.0,0,0.0,0.0,0.0,0.0,0.0
De'Andre Hunter,0.0,0.0,0.0,0.0,0.0,0.0,0.0,0.0,0.0,0,0.0,0.0,0.0,0.0,0.0
Colin Castleton,0.0,0.0,0.0,0.0,0.0,0.0,0.0,0.0,0.0,0,0.0,0.0,0.0,0.0,0.0
Johnny Furphy,0.0,0.0,0.0,0.0,0.0,0.0,0.0,0.0,0.0,0,0.0,0.0,0.0,0.0,0.0
Walker Kessler,0.0,0.0,0.0,0.0,0.0,0.0,0.0,0.0,0.0,0,0.0,0.0,0.0,0.0,0.0
Shaedon Sharpe,0.0,0.0,0.0,0.0,0.0,0.0,0.0,0.0,0.0,0,0.0,0.0,0.0,0.0,0.0
Charles Bassey,0.0,0.0,0.0,0.0,0.0,0.0,0.0,0.0,0.0,0,0.0,0.0,0.0,0.0,0.0
Jae'Sean Tate,0.0,0.0,0.0,0.0,0.0,0.0,0.0,0.0,0.0,0,0.0,0.0,0.0,0.0,0.0
Franz Wagner,0.0,0.0,0.0,0.0,0.0,0.0,0.0,0.0,0.0,0,0.0,0.0,0.0,0.0,0.0
Mac McClung,0.0,0.0,0.0,0.0,0.0,0.0,0.0,0.0,0.0,0,0.0,0.0,0.0,0.0,0.0
Miles McBride,0.0,0.0,0.0,0.0,0.0,0.0,0.0,0.0,0.0,0,0.0,0.0,0.0,0.0,0.0
Moses Moody,0.0,0.0,0.0,0.0,0.0,0.0,0.0,0.0,0.0,0,0.0,0.0,0.0,0.0,0.0
Santi Aldama,0.0,0.0,0.0,0.0,0.0,0.0,0.0,0.0,0.0,0,0.0,0.0,0.0,0.0,0.0
A.J. Lawson,0.0,0.0,0.0,0.0,0.0,0.0,0.0,0.0,0.0,0,0.0,0.0,0.0,0.0,0.0
Trevor Keels,0.0,0.3,0.0,0.0,0.0,0.0,0.0,0.0,0.0,3,0.8,0.0,0.0,0.0,0.0
Olivier Sarr,0.0,0.0,0.0,0.0,0.0,0.0,0.0,0.0,0.0,0,0.0,0.0,0.0,0.0,0.0
Harrison Ingram,0.0,0.0,0.0,0.0,0.0,0.0,0.0,0.0,0.0,0,0.0,0.0,0.0,0.0,0.0
Jaden Ivey,0.0,0.0,0.0,0.0,0.0,0.0,0.0,0.0,0.0,0,0.0,0.0,0.0,0.0,0.0
Jamaree Bouyea,0.0,0.0,0.0,0.0,0.0,0.0,0.0,0.0,0.0,2,2.6,0.0,0.0,0.0,0.0
JD Davison,0.0,0.0,0.0,0.0,0.0,0.0,0.0,0.0,0.0,0,0.0,0.0,0.0,0.0,0.0
Keegan Murray,0.0,0.0,0.0,0.0,0.0,0.0,0.0,0.0,0.0,0,0.0,0.0,0.0,0.0,0.0
Mark Williams,0.0,0.0,0.0,0.0,0.0,0.0,0.0,0.0,0.0,0,0.0,0.0,0.0,0.0,0.0
Nikola Jovic,0.0,0.0,0.0,0.0,0.0,0.0,0.0,0.0,0.0,0,0.0,0.0,0.0,0.0,0.0
Peyton Watson,0.0,0.0,0.0,0.0,0.0,0.0,0.0,0.0,0.0,0,0.0,0.0,0.0,0.0,0.0
Caleb Love,0.0,0.0,0.0,0.0,0.0,0.0,0.0,0.0,0.0,0,0.0,0.0,0.0,0.0,0.0
Alex Antetokounmpo,0.0,0.0,0.0,0.0,0.0,0.0,0.0,0.0,0.0,0,0.0,0.0,0.0,0.0,0.0
Tristen Newton,0.0,0.0,0.0,0.0,0.0,0.0,0.0,0.0,0.0,0,0.0,0.0,0.0,0.0,0.0
KJ Simpson,0.0,0.0,0.0,0.0,0.0,0.0,0.0,0.0,0.0,0,0.0,0.0,0.0,0.0,0.0
Jaren Jackson Jr.,0.0,0.0,0.0,0.0,0.0,0.0,0.0,0.0,0.0,0,0.0,0.0,0.0,0.0,0.0
Joan Beringer,0.0,0.0,0.5,0.0,0.5,0.0,0.0,0.0,0.0,2,3.5,0.0,0.0,0.0,0.0
Maxi Kleber,0.0,0.0,0.0,0.0,1.0,0.0,0.0,0.0,0.0,1,10.0,0.0,0.0,0.0,2.0
Thomas Sorber,0.0,0.0,0.0,0.0,0.0,0.0,0.0,0.0,0.0,0,0.0,0.0,0.0,0.0,0.0
Koby Brea,0.0,0.0,0.0,0.0,0.0,0.0,0.0,0.0,0.0,0,0.0,0.0,0.0,0.0,0.0
Isaiah Hartenstein,0.0,8.0,4.3,1.0,0.0,0.0,0.0,0.0,1.0,3,17.9,0.0,0.0,13.0,2.7
Max Shulga,0.0,0.0,0.0,0.0,0.0,0.0,0.0,0.0,0.0,2,1.3,0.0,0.0,0.0,0.5
John Tonje,0.0,0.0,0.0,0.0,0.0,0.0,0.0,0.0,0.0,0,0.0,0.0,0.0,0.0,0.0
Johni Broome,0.0,0.0,0.0,0.0,0.0,0.0,0.0,0.0,0.0,0,0.0,0.0,0.0,0.0,0.0
Vladislav Goldin,0.0,1.0,0.0,0.0,0.0,0.0,0.0,0.0,0.3,3,1.9,0.0,0.0,0.0,0.0
Lauri Markkanen,0.0,0.0,0.0,0.0,0.0,0.0,0.0,0.0,0.0,0,0.0,0.0,0.0,0.0,0.0
Zach Collins,0.0,0.0,0.0,0.0,0.0,0.0,0.0,0.0,0.0,0,0.0,0.0,0.0,0.0,0.0
Jonathan Isaac,0.0,1.0,0.0,0.0,0.0,0.0,0.0,0.0,0.0,1,1.4,0.0,0.0,0.0,0.0
Chucky Hepburn,0.0,0.0,0.0,0.0,0.0,0.0,0.0,0.0,0.0,0,0.0,0.0,0.0,0.0,0.0
Hunter Dickinson,0.0,0.0,0.0,0.0,0.0,0.0,0.0,0.0,0.0,0,0.0,0.0,0.0,0.0,0.0
CJ Huntley,0.0,0.0,0.0,0.0,0.0,0.0,0.0,0.0,0.0,0,0.0,0.0,0.0,0.0,0.0
Curtis Jones,0.0,0.0,0.0,0.0,0.0,0.0,0.0,0.0,0.0,0,0.0,0.0,0.0,0.0,0.0
Chris Manon,0.0,2.0,0.0,0.0,0.0,0.0,0.0,0.0,0.0,1,3.7,0.0,0.0,0.0,2.0
Jarrett Allen,0.0,0.0,0.0,0.0,0.0,0.0,0.0,0.0,0.0,0,0.0,0.0,0.0,0.0,0.0
Ja Morant,0.0,0.0,0.0,0.0,0.0,0.0,0.0,0.0,0.0,0,0.0,0.0,0.0,0.0,0.0
Tyrese Proctor,0.0,0.0,0.0,0.0,0.0,0.0,0.0,0.0,0.0,0,0.0,0.0,0.0,0.0,0.0
Adou Thiero,0.0,1.0,0.0,0.0,0.0,0.0,0.0,0.0,1.0,1,2.0,0.0,0.0,0.0,0.0
Enrique Freeman,0.0,0.0,0.0,0.0,0.0,0.0,0.0,0.0,0.0,0,0.0,0.0,0.0,0.0,0.0
PJ Hall,0.0,0.0,0.0,0.0,0.0,0.0,0.0,0.0,0.0,0,0.0,0.0,0.0,0.0,0.0
Bronny James,0.0,0.0,0.5,0.0,0.0,0.0,0.0,0.0,0.0,2,3.5,0.0,0.0,0.0,0.0
Branden Carlson,0.0,0.0,0.0,0.0,0.0,0.0,0.0,0.0,0.0,0,0.0,0.0,0.0,0.0,0.0
Svi Mykhailiuk,0.0,0.0,0.0,0.0,0.0,0.0,0.0,0.0,0.0,0,0.0,0.0,0.0,0.0,0.0
Anfernee Simons,0.0,0.0,0.0,0.0,0.0,0.0,0.0,0.0,0.0,0,0.0,0.0,0.0,0.0,0.0
Zyon Pullin,0.0,0.0,0.0,0.0,0.0,0.0,0.0,0.0,0.0,0,0.0,0.0,0.0,0.0,0.0
David Jones Garcia,0.0,0.0,0.0,0.0,0.0,0.0,0.0,0.0,0.0,0,0.0,0.0,0.0,0.0,0.0
Noa Essengue,0.0,0.0,0.0,0.0,0.0,0.0,0.0,0.0,0.0,0,0.0,0.0,0.0,0.0,0.0
Isaiah Stevens,0.0,0.0,0.0,0.0,0.0,0.0,0.0,0.0,0.0,0,0.0,0.0,0.0,0.0,0.0
Emanuel Miller,0.0,0.0,0.0,0.0,0.0,0.0,0.0,0.0,0.0,0,0.0,0.0,0.0,0.0,0.0
Tolu Smith III,0.0,0.0,0.0,0.0,0.0,0.0,0.0,0.0,0.0,0,0.0,0.0,0.0,0.0,0.0
RayJ Dennis,0.0,0.0,0.0,0.0,0.0,0.0,0.0,0.0,0.0,1,2.9,0.0,0.0,0.0,0.0
Cormac Ryan,0.0,0.0,0.0,0.0,0.0,0.0,0.0,0.0,0.0,0,0.0,0.0,0.0,0.0,0.0
Egor Demin,0.0,0.0,0.0,0.0,0.0,0.0,0.0,0.0,0.0,0,0.0,0.0,0.0,0.0,0.0
Liam McNeeley,0.0,0.0,0.0,0.0,0.0,0.0,0.0,0.0,0.0,0,0.0,0.0,0.0,0.0,0.0
Collin Murray-Boyles,0.0,0.0,0.0,0.0,0.0,0.0,0.0,0.0,0.0,0,0.0,0.0,0.0,0.0,0.0
Asa Newell,0.0,0.0,0.0,0.0,0.0,0.0,0.0,0.0,0.0,0,0.0,0.0,0.0,0.0,0.0
Trey Alexander,0.0,0.0,0.0,0.0,0.0,0.0,0.0,0.0,0.0,0,0.0,0.0,0.0,0.0,0.0
Jalen Williams,0.0,0.0,0.0,0.0,0.0,0.0,0.0,0.0,0.0,0,0.0,0.0,0.0,0.0,0.0
