RANK,PLAYER,TEAM,AGE,GP,W,L,MIN,USGPCT,PCTFGM,PCTFGA,PCT3PM,PCT3PA,PCTFTM,PCTFTA,PCTOREB,PCTDREB,PCTREB,PCTAST,PCTTOV,PCTSTL,PCTBLK,PCTBLKA,PCTPF,PCTPFD,PCTPTS
1,LUKA DONČIĆ,LAL,26,37,24,13,1350.0,36.5,32.4,34.9,38.1,38.5,54.5,53.1,11.6,27.8,24.1,45.5,38.8,26.5,17.3,25.6,18.4,49.8,37.0
2,JAYLEN BROWN,BOS,29,43,27,16,1484.0,35.8,34.7,34.4,20.1,20.7,50.0,49.9,14.7,23.4,21.1,28.6,41.3,18.8,9.9,38.9,18.8,46.0,34.9
3,GIANNIS ANTETOKOUNMPO,MIL,31,30,15,15,876.0,34.9,39.0,31.4,5.4,5.7,61.3,65.2,49.7,35.5,38.5,33.1,39.2,20.3,26.2,42.2,20.4,60.7,38.0
4,MARK SEARS,MIL,23,7,1,6,26.0,34.4,27.3,33.3,33.3,36.4,46.2,50.0,20.0,8.3,11.8,12.5,40.0,0.0,0.0,0.0,30.8,46.2,31.9
5,JOEL EMBIID,PHI,31,26,15,11,793.0,33.6,31.8,31.6,13.4,18.1,51.8,49.4,32.2,26.1,27.7,21.9,37.3,10.7,32.6,33.0,16.9,45.6,33.3
6,JALEN GREEN,PHX,23,4,3,1,54.0,33.6,28.6,34.3,36.4,42.2,25.0,29.0,14.3,16.7,15.9,20.5,33.3,16.7,0.0,33.3,15.0,24.1,29.0
7,HUNTER DICKINSON,NOP,25,1,0,1,5.0,33.3,50.0,28.6,0.0,0.0,0.0,0.0,0.0,0.0,0.0,0.0,50.0,0.0,100,0.0,50.0,0.0,33.3
8,SHAI GILGEOUS-ALEXANDER,OKC,27,46,36,10,1540.0,32.1,35.3,31.7,19.4,18.0,53.5,50.8,8.3,16.2,14.6,36.0,26.1,19.0,18.7,26.6,14.4,41.7,36.8
9,VICTOR WEMBANYAMA,SAS,22,32,21,11,925.0,31.8,33.0,31.8,23.7,22.6,44.4,42.6,31.2,41.1,38.9,17.5,32.2,18.1,69.1,19.0,24.3,44.6,34.0
10,KAWHI LEONARD,LAC,34,33,18,15,1092.0,31.8,34.0,33.5,30.5,29.3,43.8,40.2,15.0,24.0,22.0,20.5,21.2,32.2,19.3,19.6,11.1,36.9,35.2
11,DONOVAN MITCHELL,CLE,29,44,26,18,1504.0,31.6,32.5,32.5,34.3,33.8,39.1,36.9,10.4,16.8,15.1,29.1,30.6,24.3,6.9,22.6,16.9,31.0,33.7
12,STEPHEN CURRY,GSW,37,37,22,15,1168.0,31.0,31.5,32.4,39.2,37.3,41.7,37.5,6.2,15.6,13.3,24.5,25.9,17.5,15.3,24.4,14.5,37.3,34.0
13,ANTHONY EDWARDS,MIN,24,37,22,15,1300.0,30.9,33.0,31.8,34.1,30.3,37.6,36.8,7.9,18.7,16.0,19.4,27.5,21.3,22.1,19.5,12.7,30.5,33.9
14,LAMELO BALL,CHA,24,37,16,21,1008.0,30.7,26.9,31.5,33.2,35.7,23.6,21.3,12.5,20.7,18.5,46.2,38.2,30.9,8.8,33.0,24.0,26.4,27.3
15,JALEN BRUNSON,NYK,29,41,27,14,1413.0,30.6,31.7,32.0,26.4,27.2,38.2,35.8,5.3,12.0,10.0,31.1,24.3,10.9,3.3,25.9,16.7,35.2,32.0
16,JA MORANT,MEM,26,20,7,13,569.0,30.5,26.8,29.5,14.1,19.9,40.5,37.7,6.2,14.6,12.5,49.8,38.4,22.7,8.8,31.0,16.3,30.3,28.1
17,JAMES HARDEN,LAC,36,43,21,22,1525.0,30.1,24.4,28.4,31.2,33.0,47.9,46.2,8.8,19.0,16.6,47.1,34.3,21.1,10.0,40.0,13.7,36.0,29.6
18,DEVIN BOOKER,PHX,29,41,26,15,1394.0,30.0,28.4,28.9,17.2,19.8,50.1,48.1,9.0,14.6,12.9,35.6,30.6,12.7,10.7,31.7,17.5,42.6,30.7
19,CAM THOMAS,BKN,24,21,4,17,511.0,29.9,26.7,30.1,24.6,26.0,44.1,39.4,5.5,10.7,9.1,26.5,28.1,5.3,6.7,27.3,12.8,36.3,29.3
20,SHAEDON SHARPE,POR,22,44,21,23,1334.0,29.6,31.4,31.4,23.9,23.7,25.5,24.8,12.4,17.0,15.6,17.6,28.1,30.5,4.7,31.5,16.0,25.2,29.5
21,CADE CUNNINGHAM,DET,24,39,29,10,1381.0,29.6,27.4,29.0,22.5,25.2,36.7,33.5,10.0,19.2,16.6,49.1,35.1,19.8,19.0,25.3,20.0,30.5,28.5
22,MICHAEL PORTER JR.,BKN,27,37,12,25,1221.0,29.2,32.5,31.2,36.6,33.9,30.1,28.3,18.0,29.3,26.3,17.0,24.5,20.8,6.9,17.4,15.0,25.5,32.6
23,NIKOLA JOKIĆ,DEN,30,32,22,10,1106.0,29.2,31.4,27.6,19.7,18.8,39.0,37.7,41.5,38.6,39.3,48.3,36.9,25.0,26.7,25.3,21.0,40.2,31.4
24,TYRESE MAXEY,PHI,25,44,24,20,1720.0,28.3,30.9,30.0,33.0,30.0,30.8,28.7,3.1,15.7,12.0,34.5,22.9,26.7,20.1,22.2,12.8,24.7,31.1
25,DENI AVDIJA,POR,25,43,21,22,1495.0,28.2,26.2,25.7,21.4,21.2,47.2,46.4,10.8,27.1,22.0,36.1,33.5,15.1,18.2,30.3,17.7,38.6,29.6
26,PASCAL SIAKAM,IND,31,45,11,34,1527.0,28.2,30.6,29.2,21.2,19.6,31.7,36.0,20.6,23.4,22.7,22.0,23.1,22.6,13.0,20.7,16.2,33.9,29.7
27,BRANDON MILLER,CHA,23,30,16,14,901.0,28.1,27.0,29.4,27.9,29.8,29.2,26.8,13.6,16.3,15.6,20.0,27.1,23.8,30.7,14.1,21.0,23.1,27.4
28,JAMAL MURRAY,DEN,28,42,27,15,1492.0,27.7,28.1,29.4,30.3,29.2,27.4,25.4,6.3,16.6,14.3,35.4,26.3,20.3,12.2,25.6,11.6,24.4,28.2
29,AUSTIN REAVES,LAL,27,23,15,8,812.0,27.6,26.4,26.6,31.6,30.7,44.8,41.0,10.8,18.7,17.1,33.8,29.5,16.1,7.5,25.4,16.5,37.0,30.4
30,MORITZ WAGNER,ORL,28,5,2,3,65.0,27.5,33.3,28.7,33.3,27.8,37.0,32.3,11.1,35.9,28.1,9.1,26.3,23.1,0.0,33.3,36.0,48.0,34.1
31,ANTHONY DAVIS,DAL,32,20,10,10,626.0,27.2,29.7,28.8,8.5,10.9,29.4,31.4,50.0,37.1,40.0,16.3,21.5,24.2,47.1,25.0,19.4,36.6,27.9
32,KEYONTE GEORGE,UTA,22,45,15,30,1550.0,27.2,24.9,26.0,27.4,26.3,41.6,37.5,5.6,15.1,12.6,30.2,30.7,22.0,11.1,26.5,15.3,32.1,28.2
33,DILLON BROOKS,PHX,30,41,25,16,1273.0,27.2,28.4,29.6,29.8,29.5,24.0,23.0,8.4,14.9,13.0,11.8,19.7,16.5,6.9,20.0,24.0,24.1,27.8
34,LEBRON JAMES,LAL,41,28,17,11,935.0,27.1,28.3,27.8,18.4,20.3,31.8,32.3,10.4,24.2,20.9,37.3,27.6,21.3,19.8,32.4,11.2,27.4,27.9
35,PAOLO BANCHERO,ORL,23,35,16,19,1193.0,27.1,25.2,25.8,13.9,17.0,39.5,41.0,14.8,32.8,28.4,26.1,27.2,12.1,17.5,28.5,13.5,34.9,26.7
36,COBY WHITE,CHI,25,25,14,11,720.0,27.0,22.9,25.1,27.3,28.7,39.5,39.3,4.9,16.0,13.5,25.0,39.8,17.8,2.9,29.0,22.2,34.5,25.8
37,ZION WILLIAMSON,NOP,25,33,9,24,964.0,26.9,31.8,25.4,0.0,0.5,43.6,46.5,29.1,19.4,22.2,22.2,26.0,20.8,17.7,34.7,18.8,41.0,31.2
38,TRAE YOUNG,WAS,27,10,2,8,280.0,26.8,20.7,24.6,21.2,25.9,45.7,42.2,0.0,9.4,7.0,45.6,34.7,22.2,5.0,9.1,16.7,44.8,25.3
39,BRANDON INGRAM,TOR,28,46,28,18,1567.0,26.7,26.5,27.2,21.2,21.1,31.6,29.3,10.7,22.6,19.4,18.3,26.7,13.6,25.2,26.0,13.3,27.1,26.7
40,LAURI MARKKANEN,UTA,28,34,14,20,1216.0,26.7,30.0,29.2,28.2,27.4,37.4,34.6,21.9,20.4,20.8,9.7,13.1,17.5,19.6,24.4,12.4,37.0,31.1
41,ALPEREN SENGUN,HOU,23,37,24,13,1265.0,26.5,27.2,25.7,8.1,10.2,30.1,32.4,27.3,27.3,27.3,34.8,32.2,23.2,29.3,25.9,25.1,34.3,25.9
42,LJ CRYER,GSW,24,3,2,1,8.0,26.3,33.3,35.7,66.7,66.7,0.0,0.0,0.0,14.3,12.5,0.0,0.0,0.0,0.0,0.0,25.0,0.0,33.3
43,D'ANGELO RUSSELL,DAL,29,26,9,17,495.0,26.1,22.9,26.6,25.4,30.9,21.3,21.9,9.5,15.0,13.9,40.3,29.3,17.6,3.4,13.5,15.5,23.3,22.9
44,NORMAN POWELL,MIA,32,41,23,18,1260.0,26.1,26.8,26.8,33.3,32.2,37.5,35.2,4.9,15.4,12.8,14.3,21.6,20.7,8.7,29.1,17.7,28.4,29.2
45,KEVIN DURANT,HOU,37,42,26,16,1548.0,26.1,28.1,26.5,29.3,26.3,35.7,31.2,4.0,19.9,14.8,23.7,25.5,10.9,21.9,13.5,15.1,31.6,29.5
46,JALEN JOHNSON,ATL,24,44,22,22,1566.0,26.1,26.1,25.0,15.8,16.6,33.4,33.0,21.6,36.3,33.0,34.0,32.1,19.2,14.3,33.1,13.3,27.6,26.0
47,JULIUS RANDLE,MIN,31,47,28,19,1571.0,26.0,25.5,25.7,15.5,18.1,36.0,33.8,21.4,23.5,23.0,28.6,27.0,20.0,5.5,31.1,18.6,30.6,26.2
48,KRISTAPS PORZIŅĢIS,ATL,30,17,9,8,413.0,25.9,25.3,26.5,26.5,28.1,39.1,37.3,22.8,22.4,22.5,17.8,15.1,12.5,43.1,15.0,28.9,37.0,27.7
49,JONAS VALANČIŪNAS,DEN,33,35,24,11,491.0,25.8,30.2,24.7,3.3,4.5,32.3,34.2,50.5,36.2,39.6,17.1,29.9,12.7,51.2,33.3,36.1,38.4,27.6
50,KARL-ANTHONY TOWNS,NYK,30,43,26,17,1356.0,25.5,23.3,23.8,17.7,18.6,46.7,45.5,35.6,39.6,38.5,16.0,28.7,16.7,25.7,35.6,26.6,39.7,26.1
51,TRISTAN VUKCEVIC,WAS,22,30,5,25,342.0,25.3,25.1,25.0,14.8,23.4,43.7,44.2,24.3,24.7,24.6,16.5,25.0,16.0,44.4,20.5,26.2,41.1,27.1
52,ALEX SARR,WAS,20,36,9,27,1028.0,25.3,28.6,26.5,12.2,13.5,27.1,29.6,36.0,27.2,29.4,17.3,20.3,16.9,51.0,42.9,15.8,31.1,26.4
53,FRANZ WAGNER,ORL,24,26,15,11,854.0,25.2,26.8,26.2,19.9,18.5,33.8,33.1,20.3,20.6,20.5,20.7,17.5,18.1,9.9,29.3,15.4,31.6,27.6
54,RJ BARRETT,TOR,25,25,18,7,741.0,25.2,26.1,26.4,25.7,25.7,25.6,29.2,14.2,21.1,19.6,19.1,20.4,16.5,7.2,37.3,18.3,25.3,26.0
55,JOSH GIDDEY,CHI,23,33,17,16,1061.0,25.2,22.7,23.4,18.6,18.6,31.8,32.4,18.1,31.0,28.3,44.4,35.2,19.4,10.8,23.6,12.8,26.2,23.7
56,COLLIN SEXTON,CHA,27,38,16,22,870.0,25.1,25.4,24.2,20.9,19.1,38.3,35.5,7.7,9.7,9.2,32.2,28.1,26.8,6.1,32.9,19.0,36.0,27.1
57,DARIUS GARLAND,CLE,26,26,13,13,792.0,25.0,23.4,24.6,25.0,24.8,24.9,23.5,6.4,9.6,8.7,36.7,32.4,16.0,4.2,23.0,15.0,22.5,23.8
58,TRENTYN FLOWERS,CHI,20,2,0,2,6.0,25.0,50.0,21.4,0.0,16.7,0.0,0.0,25.0,0.0,14.3,33.3,100,0.0,0.0,0.0,100,0.0,44.4
59,RUSSELL WESTBROOK,SAC,37,48,12,36,1423.0,24.9,21.8,23.9,31.9,32.3,19.4,21.5,21.1,23.9,23.2,41.6,37.4,26.1,6.6,24.2,19.7,20.3,22.4
60,DE'AARON FOX,SAS,28,37,25,12,1205.0,24.9,25.7,25.2,22.5,22.2,23.3,23.8,9.2,14.5,13.3,33.6,30.4,25.4,8.8,25.2,19.6,22.5,24.9
61,STEPHON CASTLE,SAS,21,37,25,12,1146.0,24.8,20.8,21.8,12.4,15.9,34.8,37.3,17.3,16.9,17.0,40.3,36.9,25.5,7.8,37.6,27.5,33.7,22.2
62,TYLER HERRO,MIA,26,11,4,7,349.0,24.7,29.9,26.7,27.0,27.2,28.7,25.6,8.3,18.6,16.3,16.0,17.5,19.3,12.5,17.6,17.2,22.0,29.4
63,JALEN WILLIAMS,OKC,24,24,17,7,711.0,24.7,24.3,25.3,10.3,12.3,24.6,24.6,12.2,19.4,17.9,37.3,27.2,22.9,9.2,29.5,17.3,23.1,23.0
64,COLE ANTHONY,MIL,25,32,11,21,482.0,24.5,23.0,24.3,15.8,18.0,12.9,14.8,15.3,21.1,19.9,43.8,38.3,26.8,28.6,25.0,31.6,28.3,20.9
65,JAREN JACKSON JR.,MEM,26,42,16,26,1285.0,24.5,27.1,25.6,21.7,20.4,27.9,28.1,12.8,21.2,19.2,10.7,22.4,19.6,42.2,31.8,29.1,30.5,26.7
66,CJ MCCOLLUM,ATL,34,43,14,29,1296.0,24.4,25.5,26.3,29.8,28.9,22.1,21.9,9.6,13.4,12.5,22.7,18.6,15.7,8.6,16.7,15.0,18.8,25.5
67,BRANDON WILLIAMS,DAL,26,40,17,23,888.0,24.3,22.2,23.2,10.2,17.5,31.2,30.5,11.4,15.6,14.6,31.9,29.6,25.7,8.5,33.3,19.2,30.8,22.8
68,JORDAN POOLE,NOP,26,28,9,19,710.0,24.0,20.8,24.9,42.0,41.5,27.6,24.0,3.2,9.9,7.9,24.6,25.1,15.2,10.7,19.2,21.5,27.7,24.2
69,T.J. MCCONNELL,IND,33,34,10,24,587.0,24.0,30.9,26.9,7.1,8.6,7.3,6.0,15.6,16.0,15.9,52.1,25.0,37.4,11.3,27.3,15.4,14.5,24.7
70,JONATHAN KUMINGA,GSW,23,20,9,11,476.0,23.9,22.2,22.7,11.1,12.7,29.0,32.0,31.5,27.6,28.5,18.1,28.0,9.5,15.0,45.2,16.1,27.9,21.7
71,DE'ANTHONY MELTON,GSW,27,21,13,8,438.0,23.8,20.9,24.7,18.7,25.0,22.0,21.8,11.8,15.8,14.7,16.8,27.1,30.9,25.6,33.3,24.2,21.4,20.8
72,JEREMIAH FEARS,NOP,19,49,12,37,1272.0,23.8,22.6,24.1,19.5,19.9,21.5,21.2,10.5,18.2,15.8,23.1,27.7,25.1,13.4,32.3,16.9,23.8,22.1
73,NICKEIL ALEXANDER-WALKER,ATL,27,46,21,25,1516.0,23.7,23.0,24.8,31.4,30.1,28.0,24.9,8.9,13.0,12.1,16.4,20.8,18.4,19.3,25.6,15.3,27.9,24.7
74,JERAMI GRANT,POR,31,32,14,18,934.0,23.7,22.8,23.8,25.6,24.5,35.7,33.8,11.7,14.8,13.8,17.1,21.2,14.2,22.5,26.4,19.9,27.0,25.8
75,JADEN HARDY,DAL,23,31,11,20,381.0,23.6,20.8,25.5,47.3,42.5,18.4,16.2,12.9,11.6,11.9,11.8,21.8,10.0,5.0,23.3,24.7,13.8,23.0
76,COOPER FLAGG,DAL,19,43,17,26,1455.0,23.6,24.3,24.4,13.5,16.2,27.3,26.4,17.4,21.7,20.8,23.6,22.1,24.1,20.0,28.6,17.0,25.5,23.8
77,SCOTTIE BARNES,TOR,24,47,29,18,1623.0,23.4,24.7,23.5,12.3,13.3,26.4,24.8,26.8,26.4,26.5,25.9,27.4,23.0,39.9,20.2,19.3,26.1,23.7
78,JALEN SUGGS,ORL,24,25,14,11,635.0,23.3,21.8,22.9,28.5,30.7,21.5,20.7,13.5,15.6,15.1,32.8,33.3,37.5,20.6,13.7,25.7,24.7,22.4
79,BAM ADEBAYO,MIA,28,39,19,20,1208.0,23.3,23.2,24.2,17.8,19.1,26.6,26.2,27.7,34.4,32.7,14.9,20.7,18.3,33.0,12.3,14.7,27.5,23.1
80,JOHNI BROOME,PHI,23,8,4,4,41.0,23.3,13.3,26.7,0.0,12.5,18.2,21.1,66.7,31.8,41.9,21.1,13.3,40.0,0.0,42.9,25.0,31.3,12.5
81,ANDREW NEMBHARD,IND,26,37,8,29,1184.0,23.3,22.8,23.1,21.5,20.9,28.6,27.3,6.6,11.4,10.2,42.3,26.2,19.4,4.7,26.7,14.9,26.5,23.6
82,KEVIN PORTER JR.,MIL,25,23,11,12,773.0,23.2,20.4,21.9,16.8,17.8,31.1,28.1,11.3,18.6,17.0,40.3,32.1,40.5,15.4,26.2,15.7,26.6,21.5
83,BENNEDICT MATHURIN,IND,23,25,5,20,796.0,23.2,22.2,22.9,26.1,25.0,32.9,29.5,12.8,22.3,20.2,14.2,25.0,14.4,4.3,15.6,18.7,25.5,24.6
83,OBI TOPPIN,IND,27,3,0,3,82.0,23.2,21.7,23.4,15.0,23.6,22.5,18.0,18.8,27.4,25.6,13.5,30.0,42.9,0.0,66.7,17.5,12.5,21.2
85,DERRICK WHITE,BOS,31,44,27,17,1505.0,23.1,19.8,24.0,26.9,30.5,23.5,21.4,12.1,15.4,14.5,30.8,22.9,22.1,36.0,21.2,12.7,22.9,21.2
86,TRE MANN,CHA,24,29,12,17,485.0,23.1,22.1,25.4,27.3,28.8,8.1,7.9,13.8,16.1,15.3,27.3,24.7,20.9,6.1,13.5,28.4,8.7,20.3
87,PATRICK BALDWIN JR.,LAC,23,2,1,1,12.0,23.1,30.0,25.0,100,60.0,50.0,33.3,0.0,11.1,10.0,0.0,16.7,0.0,0.0,0.0,33.3,33.3,38.5
88,ZACH LAVINE,SAC,30,34,9,25,1096.0,23.1,24.2,23.8,38.7,33.7,27.9,24.6,2.7,12.8,10.3,13.6,21.0,12.6,10.2,19.4,15.7,19.7,26.1
89,MILES BRIDGES,CHA,27,46,19,27,1492.0,23.0,23.7,24.6,21.7,24.0,25.8,25.7,13.2,23.1,20.5,19.2,14.4,11.0,16.4,17.2,14.3,20.5,23.8
90,AARON GORDON,DEN,30,23,17,6,642.0,22.8,23.8,23.1,23.2,22.3,30.3,31.1,23.4,24.2,24.0,15.6,17.3,16.8,7.7,14.5,16.7,27.9,24.9
91,DESMOND BANE,ORL,27,45,23,22,1532.0,22.7,23.4,24.3,21.8,22.0,22.3,19.2,17.7,13.5,14.5,23.3,22.4,14.1,15.7,31.8,20.0,15.8,23.0
92,RYAN ROLLINS,MIL,23,45,18,27,1429.0,22.6,22.5,23.9,22.8,23.0,15.8,15.0,16.3,17.2,17.0,30.2,24.7,28.8,15.0,34.1,20.5,16.3,21.7
93,JIMMY BUTLER III,GSW,36,38,23,15,1182.0,22.6,23.8,21.5,8.2,8.2,48.6,46.6,35.3,15.6,20.4,26.5,17.2,23.8,8.1,31.2,10.2,42.3,26.0
94,ANFERNEE SIMONS,BOS,26,46,29,17,1132.0,22.5,23.2,24.4,30.1,28.7,16.7,15.1,7.8,12.3,11.0,21.2,19.3,14.3,5.9,21.8,15.9,11.3,23.3
95,MALIK MONK,SAC,27,39,11,28,873.0,22.5,23.4,24.5,37.4,32.1,16.4,14.3,7.3,11.8,10.8,21.1,22.0,16.8,17.2,25.5,16.8,15.5,23.7
96,CAM WHITMORE,WAS,21,21,3,18,354.0,22.5,25.6,25.5,17.6,21.5,18.9,19.5,23.5,17.6,19.1,8.8,15.1,26.8,18.6,41.7,16.1,15.3,23.7
97,ROB DILLINGHAM,MIN,21,34,21,13,322.0,22.5,16.8,23.4,15.8,15.3,17.0,15.0,6.7,16.8,14.2,33.5,27.7,25.0,7.3,43.9,22.1,16.3,16.7
98,CALEB LOVE,POR,24,40,19,21,892.0,22.4,22.3,25.5,31.5,32.0,10.1,10.9,10.7,14.6,13.5,24.1,17.6,14.9,4.0,24.0,12.9,9.1,21.5
99,BRADLEY BEAL,LAC,32,6,2,4,121.0,22.4,16.1,22.4,22.6,22.9,15.8,16.7,9.5,4.1,5.3,14.1,24.3,13.6,0.0,25.0,27.5,23.9,16.7
100,DYLAN HARPER,SAS,19,36,25,11,762.0,22.4,22.1,23.7,12.0,16.8,17.3,17.9,12.3,15.7,14.8,31.3,22.0,26.2,12.7,45.1,20.2,17.3,20.3
101,KJ SIMPSON,CHA,23,14,5,9,223.0,22.2,17.5,22.5,17.9,21.3,11.5,15.0,9.1,17.1,14.9,31.0,29.3,41.7,0.0,31.3,15.1,25.3,16.5
101,RILEY MINIX,SAS,25,3,2,1,8.0,22.2,30.8,27.3,50.0,50.0,0.0,0.0,20.0,25.0,22.2,20.0,0.0,20.0,0.0,0.0,20.0,0.0,29.0
103,BOBBY PORTIS,MIL,30,45,18,27,1078.0,22.2,26.0,25.3,27.6,23.1,10.8,11.4,29.4,32.2,31.6,12.4,14.5,15.3,8.5,18.6,18.1,11.3,24.4
104,CHET HOLMGREN,OKC,23,42,33,9,1230.0,22.1,25.0,21.9,19.6,18.4,25.9,27.6,34.2,32.0,32.5,10.6,21.9,9.2,50.6,31.2,21.6,29.0,24.6
105,JALEN DUREN,DET,22,38,28,10,1072.0,22.0,27.1,20.9,0.0,0.0,30.8,31.7,46.3,35.1,38.4,10.6,23.8,15.9,28.2,32.9,22.6,29.1,25.3
106,DENNIS SCHRÖDER,SAC,32,38,8,30,1001.0,22.0,19.7,22.1,23.1,23.9,26.1,24.9,9.7,15.0,13.8,39.6,25.3,17.3,6.0,25.0,14.9,26.4,21.2
107,JRUE HOLIDAY,POR,35,20,9,11,568.0,22.0,21.9,23.1,26.4,24.8,12.6,12.8,15.9,18.2,17.5,44.9,24.7,23.9,6.0,20.3,13.1,11.0,21.0
108,ANTHONY BLACK,ORL,22,45,23,22,1389.0,21.9,21.3,22.0,23.1,22.8,19.6,21.0,10.6,16.3,14.8,24.1,27.9,26.1,19.5,26.1,21.4,21.3,21.1
109,DERIK QUEEN,NOP,21,48,12,36,1239.0,21.9,20.7,20.6,3.2,6.1,21.7,22.3,30.6,34.1,33.2,31.5,31.9,22.3,43.0,25.2,29.4,22.9,19.4
110,TREY MURPHY III,NOP,25,45,12,33,1612.0,21.9,24.2,23.6,37.6,34.5,24.1,21.9,11.5,21.1,18.3,19.1,17.0,22.5,9.1,9.6,14.5,20.9,25.4
111,DOMANTAS SABONIS,SAC,29,17,3,14,511.0,21.9,23.5,20.4,4.3,7.8,26.9,28.6,46.9,42.7,43.8,24.4,29.0,20.2,16.7,34.8,25.1,31.1,22.2
112,CHUCKY HEPBURN,TOR,22,2,0,2,13.0,21.9,0.0,23.1,0.0,41.7,0.0,0.0,0.0,14.3,8.3,50.0,25.0,50.0,0.0,0.0,50.0,33.3,0.0
113,GRAYSON ALLEN,PHX,30,30,16,14,893.0,21.8,22.0,23.6,34.4,33.8,19.3,18.6,9.7,13.1,12.1,24.2,19.1,23.2,11.8,29.3,17.9,22.2,23.2
114,BRICE SENSABAUGH,UTA,22,44,13,31,926.0,21.8,22.8,24.0,29.4,30.4,19.9,18.5,18.2,15.9,16.5,11.7,17.3,20.3,6.8,24.3,18.2,18.0,23.0
115,PAUL GEORGE,PHI,35,26,15,11,788.0,21.8,21.0,22.5,28.3,27.2,21.3,21.0,6.9,24.0,19.2,22.3,22.9,24.5,13.7,12.7,19.1,21.2,21.9
116,KON KNUEPPEL,CHA,20,46,19,27,1469.0,21.7,23.3,22.6,32.5,27.9,20.6,19.0,15.6,19.2,18.3,19.0,21.3,15.9,7.3,23.5,17.8,16.1,24.1
117,KYSHAWN GEORGE,WAS,22,36,6,30,1127.0,21.7,20.6,21.1,24.7,23.8,21.8,21.0,13.4,23.0,20.5,29.2,30.3,23.2,22.9,22.9,28.6,24.7,21.3
118,MAC MCCLUNG,IND,27,3,0,3,34.0,21.6,25.0,22.5,40.0,31.3,21.4,20.0,0.0,16.7,10.0,6.7,25.0,83.3,25.0,25.0,31.6,15.8,25.3
119,EVAN MOBLEY,CLE,24,42,25,17,1402.0,21.6,23.3,21.7,10.9,13.2,23.1,28.1,28.1,27.7,27.8,20.8,21.3,15.7,53.2,24.4,18.2,23.8,21.7
120,DE'ANDRE HUNTER,CLE,28,41,23,18,1081.0,21.5,20.0,22.0,20.8,23.9,25.8,23.5,10.1,20.1,17.4,13.7,20.6,13.9,5.6,19.1,22.5,26.0,21.1
121,MARCUS SASSER,DET,25,13,10,3,125.0,21.4,22.2,24.3,40.0,36.5,22.7,19.3,3.6,15.8,12.5,31.5,13.8,15.2,13.3,6.3,18.2,9.8,24.4
122,AJAY MITCHELL,OKC,23,43,37,6,1129.0,21.3,21.5,21.8,16.0,16.3,23.7,22.3,13.4,14.4,14.2,26.0,23.3,25.1,11.1,23.1,19.1,22.4,21.3
123,JOHNNY JUZANG,MIN,24,18,11,7,72.0,21.2,20.6,25.0,41.7,46.7,15.2,17.8,27.8,17.5,20.0,17.1,13.8,14.3,0.0,0.0,9.7,15.2,21.0
124,NIKOLA VUČEVIĆ,CHI,35,45,23,22,1391.0,21.2,24.7,23.8,19.4,18.7,11.6,11.1,35.6,30.8,31.8,19.5,15.6,16.1,22.3,17.4,18.9,15.5,22.2
125,JAIME JAQUEZ JR.,MIA,24,42,23,19,1214.0,21.2,23.4,21.4,6.4,8.1,20.1,20.9,18.9,18.5,18.6,27.7,25.4,14.6,8.7,28.1,18.3,19.3,21.1
126,IMMANUEL QUICKLEY,TOR,26,45,28,17,1464.0,21.2,20.4,22.1,32.9,30.8,23.4,22.3,7.3,17.7,15.0,31.4,19.0,21.5,3.5,21.0,14.8,23.2,22.2
127,DEMAR DEROZAN,SAC,36,48,12,36,1598.0,21.2,23.8,22.3,10.4,10.9,38.0,33.9,7.3,13.1,11.7,22.0,12.0,22.3,8.3,15.6,14.9,31.4,24.8
128,NAZ REID,MIN,26,47,28,19,1232.0,21.2,23.3,23.5,30.5,29.2,11.6,11.2,18.8,28.9,26.4,16.9,20.3,19.3,30.4,23.1,20.5,12.8,22.4
129,CURTIS JONES,DEN,24,6,4,2,31.0,21.1,17.4,26.9,14.3,33.3,0.0,0.0,20.0,13.8,14.7,18.8,14.3,0.0,0.0,0.0,25.0,8.3,13.0
130,KLAY THOMPSON,DAL,35,43,16,27,945.0,20.9,22.3,25.6,52.5,45.8,6.7,7.0,5.7,13.3,11.6,12.6,11.7,14.3,11.5,8.0,11.7,3.4,23.2
131,MATAS BUZELIS,CHI,21,46,23,23,1281.0,20.9,21.0,21.5,23.7,24.1,24.2,24.7,18.8,19.6,19.4,11.6,20.1,17.1,43.4,21.7,24.7,25.1,21.8
132,JORDAN CLARKSON,NYK,33,44,26,18,859.0,20.9,21.2,22.9,24.1,25.1,14.0,14.0,14.5,7.9,9.8,12.9,18.2,14.5,7.6,23.5,21.8,12.8,20.3
133,NIKOLA JOVIĆ,MIA,22,36,19,17,684.0,20.7,16.7,20.5,23.0,26.1,21.7,24.3,13.4,23.0,20.7,23.6,26.2,16.4,22.2,14.3,19.5,24.8,18.3
134,NOAH CLOWNEY,BKN,21,43,12,31,1237.0,20.7,17.6,20.6,23.6,26.7,25.7,25.6,16.2,18.2,17.7,11.9,19.6,18.0,27.3,27.8,23.4,24.2,19.9
135,TYRESE PROCTOR,CLE,21,34,22,12,361.0,20.5,19.3,21.7,30.3,28.5,18.6,15.3,6.5,16.6,13.5,21.2,19.4,17.4,0.0,21.1,20.3,15.1,20.7
136,TRE JOHNSON,WAS,19,38,9,29,969.0,20.5,20.9,22.1,31.2,28.5,15.8,14.2,9.9,13.2,12.4,15.6,19.2,15.5,10.4,4.3,16.4,13.5,21.4
137,DANISS JENKINS,DET,24,37,28,9,613.0,20.4,18.7,21.3,26.8,23.6,15.7,15.8,11.4,10.9,11.1,36.8,22.0,22.6,9.0,24.0,17.0,17.4,18.9
138,PAYTON PRITCHARD,BOS,28,45,28,17,1477.0,20.4,21.2,22.3,24.5,26.0,15.7,14.6,11.8,15.5,14.5,32.0,13.7,15.3,3.3,20.1,10.4,13.2,20.9
139,REED SHEPPARD,HOU,21,44,28,16,1089.0,20.4,21.5,23.2,37.7,36.1,10.0,9.8,3.8,12.7,9.8,24.3,14.8,33.2,17.7,15.8,19.7,8.9,21.5
140,KYLE KUZMA,MIL,30,43,18,25,1134.0,20.3,21.3,20.6,11.6,14.1,26.8,26.9,20.8,22.1,21.9,16.2,20.3,16.2,24.1,23.2,19.6,25.4,20.7
141,NICK SMITH JR.,LAL,21,23,12,11,300.0,20.3,21.1,24.3,33.3,32.1,5.6,6.5,3.2,8.9,7.4,18.5,17.5,14.3,7.7,13.5,18.8,10.4,19.8
142,CEDRIC COWARD,MEM,22,41,16,25,1095.0,20.3,21.5,21.3,22.1,22.2,20.8,19.9,22.9,24.3,24.0,17.5,19.1,14.7,12.7,26.0,18.1,17.5,21.4
143,RAYJ DENNIS,ATL,24,15,2,13,177.0,20.0,17.1,21.2,30.8,24.5,11.1,8.7,13.8,12.3,12.8,34.9,25.9,21.1,15.4,15.4,20.5,9.2,17.3
144,MALEVY LEONS,GSW,26,3,1,2,14.0,20.0,18.2,20.0,0.0,10.0,28.6,22.2,66.7,75.0,72.7,14.3,20.0,33.3,0.0,0.0,14.3,40.0,18.2
144,TARI EASON,HOU,24,24,15,9,572.0,20.0,20.8,21.6,35.9,29.1,7.9,9.7,23.4,24.9,24.4,11.7,22.2,26.7,21.7,30.2,20.2,9.1,20.4
144,ZACH EDEY,MEM,23,11,7,4,284.0,20.0,24.0,18.4,1.4,2.5,27.2,26.9,61.4,32.0,38.5,7.1,27.4,16.3,52.5,18.2,31.9,29.4,22.1
147,P.J. WASHINGTON,DAL,27,33,10,23,1020.0,20.0,20.7,20.8,21.2,20.8,18.0,20.0,22.0,25.6,24.8,12.3,21.0,22.2,33.3,19.1,17.6,19.4,20.3
148,JADEN IVEY,DET,23,30,21,9,509.0,19.9,20.6,20.9,31.0,28.3,15.7,15.1,11.7,14.4,13.6,17.4,20.9,11.9,13.5,23.5,17.2,16.2,21.0
149,AMEN THOMPSON,HOU,22,44,28,16,1647.0,19.8,20.9,19.6,4.2,8.0,25.9,24.5,23.0,19.0,20.3,27.8,21.9,20.0,13.1,24.4,16.2,21.7,20.1
150,ONYEKA OKONGWU,ATL,25,46,21,25,1475.0,19.8,21.6,20.8,20.6,20.6,19.0,19.1,30.0,28.1,28.6,16.3,18.8,17.8,33.3,22.1,27.6,19.4,21.1
151,ANDREW WIGGINS,MIA,30,43,22,21,1345.0,19.7,21.2,21.1,21.1,20.1,14.5,14.6,26.0,15.0,17.8,15.5,19.1,20.2,34.7,21.7,19.7,14.1,20.1
152,AYO DOSUNMU,CHI,26,40,20,20,1037.0,19.7,23.7,21.4,23.9,19.3,19.9,18.3,12.6,10.7,11.1,21.4,15.5,17.8,10.9,31.0,17.3,14.8,23.2
153,QUENTON JACKSON,IND,27,23,5,18,349.0,19.7,18.4,18.7,19.5,18.4,27.3,28.6,14.8,12.6,13.1,21.8,22.0,23.0,12.9,25.0,24.0,31.6,20.2
154,SADDIQ BEY,NOP,26,42,11,31,1262.0,19.7,20.6,21.4,26.9,26.3,24.6,24.2,21.5,20.7,20.9,15.1,7.6,17.7,2.2,19.1,9.2,18.6,21.9
155,OG ANUNOBY,NYK,28,36,22,14,1180.0,19.6,18.7,19.2,17.6,19.9,23.1,23.7,16.6,17.5,17.2,11.8,22.8,31.1,21.8,30.6,17.7,20.4,19.3
156,LEONARD MILLER,MIN,22,18,10,8,91.0,19.6,21.2,19.3,5.3,18.5,19.4,23.4,31.8,26.1,27.5,10.4,23.7,21.1,0.0,18.2,25.0,18.9,19.6
157,PEYTON WATSON,DEN,23,44,29,15,1324.0,19.5,19.1,19.5,16.0,16.7,19.0,20.5,15.6,20.7,19.5,10.6,21.6,24.3,38.9,21.3,21.7,18.4,18.7
158,A.J. LAWSON,TOR,25,11,4,7,106.0,19.4,19.8,21.1,34.8,27.8,22.5,17.6,25.9,26.3,26.2,5.2,16.7,28.6,37.5,22.2,32.6,15.2,21.8
159,AARON NESMITH,IND,26,26,6,20,790.0,19.4,17.2,20.8,28.1,29.1,19.2,18.1,19.3,17.6,18.0,13.1,16.9,14.7,20.6,31.7,18.8,20.4,18.8
160,JULIAN STRAWTHER,DEN,23,24,16,8,252.0,19.4,17.1,19.9,15.1,20.3,29.8,30.5,4.5,19.2,16.2,15.0,14.1,12.5,5.9,34.5,22.4,25.9,19.3
161,VINCE WILLIAMS JR.,MEM,25,30,13,17,646.0,19.3,14.2,19.1,22.3,26.8,13.9,13.3,16.5,19.9,19.0,34.7,28.4,21.7,17.3,11.3,22.8,16.4,15.1
162,BRANDON CLARKE,MEM,29,2,1,1,20.0,19.3,17.6,21.4,0.0,0.0,33.3,44.4,57.1,11.8,25.0,12.5,0.0,50.0,0.0,60.0,55.6,33.3,18.6
163,TOLU SMITH,DET,25,5,3,2,55.0,19.3,16.3,15.6,0.0,0.0,63.2,51.7,58.8,41.9,46.7,14.8,18.2,12.5,41.7,75.0,23.3,41.7,22.2
164,TYTY WASHINGTON JR.,LAC,24,2,1,1,22.0,19.1,31.6,25.0,50.0,28.6,0.0,0.0,0.0,8.3,5.6,27.3,0.0,33.3,50.0,0.0,0.0,0.0,27.5
165,JAHMIR YOUNG,MIA,25,5,4,1,24.0,19.1,16.7,20.4,16.7,16.7,0.0,0.0,0.0,10.5,8.3,26.7,28.6,20.0,0.0,75.0,20.0,0.0,15.6
166,GG JACKSON,MEM,21,24,9,15,388.0,19.1,19.3,20.1,19.4,23.1,16.7,17.9,9.9,23.5,19.5,7.3,17.6,27.4,25.5,25.0,25.3,14.8,18.8
167,DANNY WOLF,BKN,21,31,9,22,593.0,19.0,19.2,21.0,23.0,20.9,16.0,15.0,21.4,28.0,26.1,19.1,15.5,17.3,21.1,21.3,24.2,12.6,19.1
168,KELDON JOHNSON,SAS,26,46,31,15,1107.0,19.0,24.5,20.5,21.3,17.2,19.8,19.6,28.4,23.6,24.9,10.6,13.3,18.3,5.4,26.4,19.2,18.7,23.3
169,SANTI ALDAMA,MEM,25,42,18,24,1174.0,19.0,21.9,21.1,20.0,20.3,15.7,18.2,22.9,25.9,25.1,17.1,13.9,19.4,25.4,9.5,13.4,18.1,20.6
170,CHRIS LIVINGSTON,CLE,22,3,2,1,17.0,18.9,26.7,25.0,0.0,18.8,20.0,20.0,0.0,23.1,21.4,8.3,0.0,33.3,0.0,0.0,44.4,25.0,22.0
171,AARON WIGGINS,OKC,27,33,25,8,782.0,18.9,18.8,20.4,30.2,27.0,8.5,9.6,12.8,16.3,15.6,14.3,19.6,17.8,22.2,17.4,15.4,8.6,18.3
172,RON HARPER JR.,BOS,25,7,6,1,35.0,18.9,16.7,24.2,27.3,40.0,0.0,0.0,21.4,13.6,16.7,22.2,6.7,12.5,60.0,0.0,17.6,8.3,16.3
173,KEVIN HUERTER,CHI,27,41,22,19,965.0,18.9,19.8,20.8,22.6,26.6,11.7,12.2,9.7,17.8,16.0,17.0,15.4,23.9,20.9,17.6,20.7,13.9,19.0
174,VJ EDGECOMBE,PHI,20,42,24,18,1496.0,18.9,18.6,20.0,22.5,21.7,13.5,13.8,17.7,16.3,16.7,22.7,18.2,23.6,11.3,19.9,22.2,13.2,18.2
175,ACE BAILEY,UTA,19,40,13,27,987.0,18.8,21.2,21.3,23.4,22.4,6.2,6.8,24.5,11.6,15.1,10.3,16.3,17.1,27.0,10.5,21.8,8.8,18.7
176,IVICA ZUBAC,LAC,28,40,16,24,1232.0,18.8,23.6,18.8,0.0,0.0,17.3,20.1,54.6,35.9,40.4,14.6,19.5,7.6,31.5,24.0,20.1,24.1,20.1
177,DEVIN CARTER,SAC,23,13,1,12,108.0,18.8,15.1,19.8,17.9,23.5,19.1,14.3,18.5,15.3,16.2,25.0,19.5,37.5,33.3,20.0,22.7,22.4,16.2
178,BONES HYLAND,MIN,25,38,23,15,531.0,18.8,18.4,19.8,25.7,26.7,13.7,15.1,5.2,13.1,11.0,31.9,18.3,18.2,12.7,17.9,25.7,12.7,18.7
179,SIMONE FONTECCHIO,MIA,30,44,23,21,740.0,18.8,19.3,20.8,36.7,33.1,17.9,17.4,15.1,19.5,18.3,15.3,15.9,17.5,9.1,16.7,21.2,12.5,21.2
180,JEVON CARTER,CHI,30,22,7,15,234.0,18.8,19.1,20.6,31.2,30.3,20.0,13.2,9.4,11.0,10.6,13.7,15.6,30.0,0.0,16.0,17.2,9.0,21.3
180,NOA ESSENGUE,CHI,19,2,1,1,6.0,18.8,0.0,21.4,0.0,25.0,0.0,0.0,0.0,0.0,0.0,0.0,0.0,100,0.0,50.0,33.3,0.0,0.0
180,THANASIS ANTETOKOUNMPO,MIL,33,15,4,11,45.0,18.8,21.6,18.9,0.0,2.9,26.1,32.1,30.0,21.1,24.1,4.0,14.3,35.3,42.9,0.0,40.0,25.0,19.8
183,JUSUF NURKIĆ,UTA,31,36,12,24,953.0,18.7,19.8,17.8,8.2,8.3,13.6,19.6,38.7,38.6,38.6,29.4,25.6,31.4,27.4,22.0,29.6,24.6,17.4
184,YANG HANSEN,POR,20,27,14,13,229.0,18.7,12.0,18.0,8.2,17.7,25.4,20.5,26.9,20.8,22.3,19.4,25.0,5.7,34.8,25.6,36.4,27.7,13.3
185,PAT SPENCER,GSW,29,32,19,13,448.0,18.6,17.7,19.2,13.4,12.6,15.0,13.5,16.5,15.7,15.9,36.8,22.1,20.8,2.4,30.2,17.5,13.0,16.8
186,TOBIAS HARRIS,DET,33,30,21,9,824.0,18.6,20.5,20.7,22.8,23.4,17.5,15.2,11.6,19.5,17.0,16.3,12.7,16.5,6.5,21.4,14.0,13.6,20.1
187,JARACE WALKER,IND,22,47,11,36,1104.0,18.6,16.8,19.2,25.1,23.7,18.3,17.8,9.1,25.0,21.1,15.2,20.2,20.9,14.3,13.0,15.0,14.5,18.0
188,TYSON ETIENNE,BKN,26,8,1,7,34.0,18.6,15.4,25.4,26.7,34.2,0.0,0.0,0.0,0.0,0.0,6.3,8.3,0.0,0.0,0.0,35.7,9.5,14.5
189,DEVIN VASSELL,SAS,25,33,23,10,1045.0,18.6,18.6,21.4,28.6,28.3,13.3,12.5,6.4,15.6,13.4,13.4,10.1,16.9,13.9,8.1,15.8,11.4,18.8
190,EGOR DËMIN,BKN,19,40,12,28,990.0,18.6,17.9,19.5,30.3,27.3,10.1,9.3,8.1,16.7,14.3,24.6,21.3,19.5,12.8,14.0,18.9,10.8,18.4
191,JORDAN MILLER,LAC,26,25,17,8,471.0,18.6,20.6,18.7,14.7,15.4,22.2,23.1,23.4,19.1,20.1,18.2,15.7,21.1,10.4,33.9,12.8,20.7,20.3
192,JAMAREE BOUYEA,PHX,26,21,12,9,317.0,18.5,23.3,20.5,20.0,19.0,17.9,18.9,13.3,16.9,15.8,20.6,11.2,17.1,20.5,26.3,12.9,24.0,22.4
193,BROOK LOPEZ,LAC,37,39,21,18,665.0,18.5,17.0,21.1,27.1,30.0,8.5,8.6,11.8,21.4,19.4,11.1,15.7,12.9,53.4,8.1,25.3,14.7,16.8
194,JAVONTE COOKE,POR,26,10,3,7,65.0,18.5,13.7,20.5,27.3,28.8,0.0,0.0,10.0,16.3,14.5,30.4,20.0,38.5,0.0,25.0,15.0,11.1,13.9
195,BEN SARAF,BKN,19,14,3,11,239.0,18.5,13.5,16.5,14.7,18.1,14.6,13.5,12.2,10.4,10.9,27.7,32.3,25.0,16.7,34.8,16.5,11.5,13.9
196,COLLIN GILLESPIE,PHX,26,46,27,19,1303.0,18.5,18.8,19.8,30.9,27.7,12.2,11.2,14.0,17.4,16.4,29.9,19.8,22.7,11.3,15.7,12.2,16.5,19.6
197,JALEN SMITH,CHI,25,39,23,16,781.0,18.4,19.4,19.7,21.3,23.2,16.4,17.9,37.9,34.0,35.0,9.6,16.4,13.4,34.4,15.1,24.6,21.6,19.2
198,JAYLEN WELLS,MEM,22,44,18,26,1187.0,18.4,17.3,19.6,21.6,23.9,20.9,21.1,14.2,13.4,13.6,10.3,13.6,22.8,2.7,18.6,18.9,23.1,18.4
199,BRANDIN PODZIEMSKI,GSW,22,48,26,22,1283.0,18.4,19.6,19.3,20.2,18.8,17.3,18.5,10.9,21.6,19.0,22.4,17.1,22.0,6.6,8.7,18.6,22.1,19.3
200,BUDDY HIELD,GSW,33,41,20,21,706.0,18.4,20.1,20.8,25.6,26.5,10.0,9.3,16.1,16.6,16.5,14.1,16.1,20.9,12.7,19.2,17.2,4.8,19.3
201,PAUL REED,DET,26,32,23,9,383.0,18.4,22.7,18.6,7.2,7.5,13.4,17.6,52.6,31.0,37.9,17.6,22.0,26.2,41.3,18.4,31.3,18.3,19.7
202,AUSAR THOMPSON,DET,22,41,30,11,1052.0,18.4,18.9,18.2,2.2,3.0,18.7,23.7,29.7,21.8,24.2,18.7,18.7,32.6,22.5,22.7,25.0,23.5,17.4
203,KHRIS MIDDLETON,WAS,34,31,10,21,761.0,18.3,17.0,18.6,13.5,15.8,20.6,18.9,16.5,18.3,17.9,25.2,21.6,19.4,8.7,18.3,23.9,20.0,17.1
204,KEEGAN MURRAY,SAC,25,19,4,15,683.0,18.3,19.4,20.6,19.7,22.7,11.4,11.2,19.9,20.2,20.1,8.6,11.9,18.4,36.6,22.4,13.0,12.0,18.0
205,JOCK LANDALE,MEM,30,41,17,24,949.0,18.3,22.3,19.2,16.1,14.6,15.4,19.1,49.6,22.6,30.5,12.0,14.4,15.2,24.4,24.2,24.1,21.2,20.4
206,RONALD HOLLAND II,DET,20,43,32,11,902.0,18.2,17.2,19.0,14.9,18.8,18.0,17.8,21.2,22.8,22.4,12.9,19.7,28.3,11.9,22.4,22.3,20.7,17.2
207,KOBY BREA,PHX,23,2,1,1,8.0,18.2,16.7,20.0,0.0,50.0,50.0,50.0,0.0,20.0,16.7,66.7,0.0,0.0,0.0,0.0,0.0,33.3,23.5
208,AJ JOHNSON,WAS,21,23,4,19,163.0,18.2,11.9,20.3,12.5,16.4,5.4,5.7,15.9,17.8,17.2,17.3,18.3,17.9,0.0,48.0,14.5,7.1,11.0
209,NAJI MARSHALL,DAL,28,46,19,27,1343.0,18.1,21.0,18.5,14.2,15.6,24.7,23.9,15.5,19.0,18.3,19.8,16.4,23.1,3.0,19.8,17.8,19.3,21.1
210,BOBI KLINTMAN,DET,22,7,6,1,56.0,18.1,14.9,19.6,30.0,26.8,0.0,8.8,22.7,26.8,25.4,12.9,27.8,11.8,0.0,28.6,35.7,19.2,13.8
211,MARVIN BAGLEY III,WAS,26,36,9,27,696.0,18.1,23.4,17.5,3.9,3.5,26.5,28.0,46.5,23.0,29.9,15.2,18.3,18.8,38.2,21.0,23.8,28.6,21.8
212,TYRESE MARTIN,BKN,26,35,8,27,670.0,18.1,19.3,20.5,26.9,25.3,7.3,8.1,20.0,17.1,18.0,20.4,16.5,19.6,7.5,10.0,10.9,8.0,18.1
213,JARED MCCAIN,PHI,21,33,18,15,566.0,18.1,16.6,20.1,23.2,23.7,9.4,9.2,3.1,17.1,13.5,19.3,16.5,19.8,3.2,28.1,16.3,10.5,16.2
214,QUINTEN POST,GSW,25,48,26,22,860.0,18.1,19.4,20.4,27.1,26.6,7.0,7.3,23.4,24.1,23.9,12.5,14.3,13.8,35.7,19.1,27.1,9.2,18.6
215,JADEN MCDANIELS,MIN,25,45,26,19,1444.0,18.0,19.5,18.8,14.9,13.6,17.3,15.6,15.7,14.6,14.8,16.0,18.1,20.3,24.9,28.0,22.9,15.9,18.6
216,JAHMAI MASHACK,MEM,23,7,5,2,25.0,18.0,14.3,20.5,50.0,33.3,0.0,0.0,0.0,31.3,23.8,28.6,23.1,20.0,0.0,33.3,12.5,0.0,15.4
217,JOHN COLLINS,LAC,28,43,19,24,1177.0,18.0,22.3,19.3,20.6,17.0,14.0,14.9,21.7,19.2,19.8,6.0,15.9,18.0,30.8,22.4,26.2,17.8,20.6
218,MYLES TURNER,MIL,29,43,18,25,1225.0,18.0,17.3,19.2,24.8,25.4,20.9,19.8,23.9,21.4,21.9,10.6,12.1,14.6,57.1,17.9,22.1,20.2,18.9
219,JAYLON TYSON,CLE,23,43,25,18,1201.0,18.0,20.3,19.0,24.6,18.8,12.9,13.1,27.5,18.7,21.2,13.5,18.1,17.5,13.7,24.6,24.1,13.6,19.8
220,JORDAN GOODWIN,PHX,27,44,27,17,954.0,18.0,17.5,20.0,22.3,23.7,8.2,8.5,27.0,21.4,23.3,21.4,16.0,29.7,12.2,20.0,17.7,10.6,16.8
221,DAVID JONES GARCIA,SAS,24,11,7,4,68.0,18.0,18.6,19.7,15.8,10.0,9.1,12.8,22.2,20.9,21.3,40.0,20.0,27.3,33.3,50.0,19.4,23.5,16.7
222,TIM HARDAWAY JR.,DEN,33,46,30,16,1255.0,17.9,18.3,20.6,35.7,35.7,16.2,15.0,3.6,12.1,10.2,9.0,7.0,13.3,6.7,6.0,11.3,15.1,19.9
223,BRANDEN CARLSON,OKC,26,33,27,6,357.0,17.9,21.5,19.7,17.5,18.8,7.9,12.1,29.0,25.3,26.0,9.8,13.6,9.4,47.1,36.8,23.2,10.5,19.2
224,JAVON SMALL,MEM,23,15,7,8,184.0,17.8,13.5,16.7,19.3,20.0,17.3,16.3,11.1,11.4,11.3,40.7,31.7,14.3,7.7,33.3,27.5,15.9,15.0
225,JASE RICHARDSON,ORL,20,32,13,19,394.0,17.8,20.7,19.3,25.3,21.0,11.9,12.6,14.3,11.9,12.7,18.8,17.1,12.9,4.7,8.2,20.3,18.0,19.3
226,JARRETT ALLEN,CLE,27,36,22,14,981.0,17.8,19.9,16.8,0.4,1.1,28.5,29.1,33.5,29.8,30.7,11.6,17.4,20.6,27.9,28.3,18.4,30.6,19.1
227,ZACCHARIE RISACHER,ATL,20,36,17,19,887.0,17.8,18.7,19.5,22.6,23.5,10.9,13.3,17.9,14.0,14.9,8.7,12.0,18.6,19.6,20.8,22.3,11.6,18.0
228,JABARI SMITH JR.,HOU,22,43,27,16,1503.0,17.8,17.4,19.6,27.6,29.6,14.6,14.9,14.2,22.8,20.1,10.3,11.9,12.6,20.5,19.5,19.5,12.7,17.9
229,SANDRO MAMUKELASHVILI,TOR,26,46,27,19,1024.0,17.7,21.3,19.1,23.8,21.4,16.8,18.2,28.7,24.5,25.7,14.6,13.6,16.4,26.5,19.8,19.9,15.6,20.9
230,ZACH COLLINS,CHI,28,10,6,4,184.0,17.7,21.9,18.2,15.8,13.6,21.2,23.5,34.8,29.2,30.6,12.7,19.2,5.7,28.6,11.1,25.0,25.3,21.0
231,ISAIAH COLLIER,UTA,21,39,12,27,914.0,17.7,17.0,15.3,7.4,7.8,19.9,23.6,8.1,14.3,12.6,46.9,30.6,17.4,18.8,23.5,20.0,22.2,16.4
232,QUENTIN GRIMES,PHI,25,43,23,20,1312.0,17.7,16.8,17.5,24.2,24.0,21.0,19.6,8.5,16.0,13.9,24.5,21.5,18.2,10.7,11.9,15.5,20.8,18.4
233,RYAN NEMBHARD,DAL,22,33,16,17,654.0,17.7,16.7,18.1,19.1,18.2,5.5,5.3,5.1,12.0,10.4,44.2,25.0,9.0,0.0,11.1,20.8,10.2,15.6
234,DAY'RON SHARPE,BKN,24,43,12,31,782.0,17.7,21.4,15.7,2.7,4.6,24.9,28.4,52.8,35.4,40.6,25.4,24.1,32.2,32.2,21.4,29.8,28.0,19.6
235,BOGDAN BOGDANOVIĆ,LAC,33,16,5,11,360.0,17.7,16.5,20.0,21.2,24.4,9.7,9.4,7.4,17.3,15.1,25.9,15.7,14.5,2.9,22.2,23.8,14.3,15.8
236,CARIS LEVERT,DET,31,31,23,8,612.0,17.6,17.4,18.1,25.6,23.5,13.2,14.6,4.7,11.2,9.3,28.0,21.8,24.8,19.6,12.2,15.2,14.8,17.3
237,JETT HOWARD,ORL,22,28,14,14,308.0,17.6,17.1,20.4,29.2,31.1,14.5,11.4,9.9,15.8,13.7,13.2,7.6,7.5,11.8,29.7,19.3,9.8,18.1
238,NOLAN TRAORE,BKN,19,23,6,17,427.0,17.5,14.2,17.8,18.9,19.5,13.5,13.6,2.8,9.7,7.6,30.3,23.6,16.9,13.6,20.0,22.4,14.1,14.7
239,SAM MERRILL,CLE,29,24,16,8,619.0,17.4,18.8,19.3,39.9,33.3,13.5,12.1,10.9,10.1,10.3,14.4,11.8,17.0,4.8,2.0,24.4,16.9,20.9
240,KYLE FILIPOWSKI,UTA,22,46,15,31,1024.0,17.4,17.8,17.8,12.9,14.8,15.7,17.6,28.8,31.4,30.7,14.8,18.7,20.1,27.8,21.0,27.9,16.7,16.9
241,KELLY OUBRE JR.,PHI,30,24,13,11,764.0,17.4,19.8,18.9,22.7,21.7,13.5,15.0,11.9,17.4,16.0,8.4,13.9,22.0,17.7,23.5,18.6,18.6,18.9
242,TYLER KOLEK,NYK,24,39,22,17,518.0,17.4,17.6,18.5,17.2,18.9,5.8,6.9,8.5,16.3,14.0,39.1,21.7,20.5,6.0,21.3,25.0,13.1,15.7
243,HUNTER TYSON,DEN,25,18,13,5,144.0,17.3,13.3,20.2,17.6,26.3,15.5,15.9,16.7,24.5,23.1,21.7,9.5,10.0,14.3,35.3,23.5,15.6,14.2
244,BLAKE WESLEY,POR,22,6,4,2,98.0,17.3,17.1,17.8,6.7,12.0,11.3,16.1,7.1,21.4,16.7,36.5,18.4,40.0,12.5,17.6,25.9,25.5,14.6
245,CAM SPENCER,MEM,25,43,17,26,1028.0,17.3,18.6,17.6,31.7,24.5,20.3,17.8,8.4,13.7,12.3,38.3,21.5,16.9,3.9,10.7,16.2,14.7,20.5
246,AARON HOLIDAY,HOU,29,30,20,10,420.0,17.3,16.3,18.9,40.0,34.0,15.0,13.4,3.1,7.9,6.3,14.4,16.5,18.3,8.7,19.2,22.5,16.1,18.4
247,RASHEER FLEMING,PHX,21,26,16,10,178.0,17.2,16.7,21.0,19.5,27.3,14.3,15.3,24.6,13.7,17.7,5.6,5.6,15.4,23.1,10.0,22.9,13.8,16.6
248,MALAKI BRANHAM,WAS,22,26,6,20,240.0,17.2,18.6,17.8,20.0,18.0,25.8,23.3,16.1,19.2,18.3,20.7,15.9,26.3,9.4,32.1,20.2,18.9,20.1
249,ISAIAH JOE,OKC,26,39,30,9,781.0,17.2,17.1,18.6,33.3,31.5,16.9,15.9,13.3,14.8,14.5,12.8,12.6,12.9,6.4,10.3,21.0,21.2,19.2
250,DEANDRE AYTON,LAL,27,40,25,15,1142.0,17.2,24.0,18.6,0.0,0.0,9.3,11.6,45.0,32.1,35.0,5.1,16.2,13.4,40.0,20.9,21.1,12.6,19.2
251,BILAL COULIBALY,WAS,21,26,8,18,692.0,17.2,14.1,16.4,13.1,17.6,26.4,26.9,14.7,21.0,19.4,18.8,17.6,29.9,21.6,16.7,22.8,22.5,15.9
252,ZIAIRE WILLIAMS,BKN,24,34,10,24,778.0,17.2,17.5,19.0,26.3,27.1,19.9,18.0,12.7,14.0,13.7,6.6,12.1,25.9,24.3,11.1,22.2,18.1,19.0
253,WILL RILEY,WAS,19,37,10,27,524.0,17.2,17.8,18.4,17.4,18.1,17.6,17.0,20.3,13.9,15.7,17.3,16.9,22.2,7.8,10.3,12.7,16.9,17.8
254,NICK RICHARDS,PHX,28,28,15,13,254.0,17.1,17.2,15.0,0.0,0.0,25.0,28.6,40.7,37.1,38.4,6.3,24.5,7.3,50.0,36.4,32.8,27.3,15.9
255,KENTAVIOUS CALDWELL-POPE,MEM,32,43,18,25,900.0,17.1,16.2,17.8,20.1,21.4,15.7,13.5,7.6,14.8,12.8,23.0,18.3,20.5,8.8,12.1,11.5,14.6,16.6
256,NIC CLAXTON,BKN,26,43,11,32,1274.0,17.1,21.4,16.5,0.5,1.1,22.2,26.9,41.1,27.2,30.8,25.3,15.9,17.1,45.8,28.0,18.5,30.3,18.8
257,MOHAMED DIAWARA,NYK,20,36,20,16,183.0,17.1,16.3,19.0,25.9,23.4,6.0,9.1,20.0,20.6,20.4,16.0,16.7,29.6,26.7,11.1,21.5,7.3,16.3
258,MILES MCBRIDE,NYK,25,35,22,13,981.0,17.0,18.0,19.2,30.7,27.6,9.3,9.0,7.1,10.5,9.4,17.9,11.7,17.4,8.1,9.1,15.8,8.9,18.4
259,CAM CHRISTIE,LAC,20,31,14,17,314.0,17.0,14.6,17.6,13.8,17.6,22.5,22.8,18.3,20.1,19.7,13.2,13.3,14.8,6.9,20.7,14.9,18.3,16.0
260,MAXIME RAYNAUD,SAC,22,40,11,29,910.0,17.0,20.3,17.8,4.8,6.0,15.3,16.5,35.8,31.9,32.9,9.3,15.2,11.2,21.1,19.3,26.4,18.3,18.1
261,CALEB HOUSTAN,ATL,23,10,5,5,49.0,16.9,18.4,17.2,40.0,25.5,23.1,18.8,50.0,3.7,14.3,7.1,22.2,10.0,25.0,33.3,26.1,14.3,22.1
262,THOMAS BRYANT,CLE,28,32,17,15,292.0,16.9,21.1,17.7,22.4,18.2,22.1,21.8,27.6,29.8,29.1,9.2,12.8,12.5,34.3,20.0,27.8,26.7,21.4
263,HUNTER SALLIS,PHI,22,7,3,4,26.0,16.9,15.0,10.6,0.0,0.0,20.0,16.7,0.0,5.9,4.5,28.6,50.0,0.0,50.0,0.0,20.0,25.0,13.7
264,MIKAL BRIDGES,NYK,29,46,28,18,1592.0,16.9,20.5,19.6,20.6,20.1,6.8,6.8,12.2,13.7,13.3,21.4,10.5,25.6,28.5,7.0,13.0,10.0,18.5
265,JAY HUFF,IND,28,47,11,36,903.0,16.9,20.1,18.4,25.7,26.8,13.8,12.7,26.2,19.6,21.0,12.2,13.9,15.9,65.7,10.4,28.1,14.2,19.9
266,EMANUEL MILLER,CHI,25,5,0,5,33.0,16.9,24.0,21.0,28.6,26.1,14.3,22.2,16.7,10.5,12.0,23.5,0.0,33.3,0.0,0.0,16.7,14.3,23.4
267,DONTE DIVINCENZO,MIN,28,47,28,19,1499.0,16.8,15.6,18.5,32.0,32.1,9.9,9.6,13.8,15.5,15.1,23.2,15.6,23.5,12.4,7.8,17.6,11.4,16.8
268,PJ HALL,CHA,23,15,5,10,154.0,16.8,21.1,15.9,5.8,4.0,19.4,22.5,63.9,25.7,34.9,7.5,20.0,3.8,56.3,31.3,25.8,25.0,18.6
269,MOSES MOODY,GSW,23,46,24,22,1127.0,16.8,17.7,18.7,27.2,24.3,13.9,14.8,14.3,13.8,13.9,10.2,11.0,19.0,27.0,17.4,19.4,13.3,18.5
270,DRAYMOND GREEN,GSW,35,39,22,17,1037.0,16.8,13.6,15.2,15.9,17.3,9.1,11.0,14.3,27.1,24.2,31.7,32.8,17.5,31.0,15.5,28.2,15.1,13.2
271,KEL'EL WARE,MIA,21,43,22,21,1023.0,16.7,21.4,18.2,18.9,16.7,14.4,13.7,51.7,38.9,42.3,4.0,13.2,19.5,44.4,16.9,17.3,14.6,20.1
272,MARK WILLIAMS,PHX,24,42,26,16,1010.0,16.7,23.4,16.4,0.4,0.1,26.0,27.9,53.0,32.2,37.9,8.4,14.3,21.0,51.9,18.3,23.5,25.2,21.2
273,COREY KISPERT,ATL,26,27,6,21,511.0,16.7,17.8,17.6,25.3,25.0,22.8,22.0,8.2,13.7,12.3,15.3,12.9,14.4,5.9,15.3,12.3,18.3,19.5
274,WALKER KESSLER,UTA,24,5,2,3,154.0,16.7,21.1,14.0,14.0,6.2,16.7,20.2,47.9,30.1,35.8,16.9,29.1,30.4,60.0,31.3,29.7,15.0,19.3
275,TRISTAN DA SILVA,ORL,24,40,21,19,901.0,16.6,18.0,18.9,30.9,25.7,8.2,7.8,14.7,17.8,17.0,9.4,13.7,22.7,8.9,10.8,13.4,8.0,17.3
276,TRE JONES,CHI,26,38,20,18,1020.0,16.6,17.8,15.7,7.6,8.0,28.8,27.0,11.2,12.4,12.1,35.1,18.4,29.1,7.2,17.7,13.5,25.7,18.5
277,JEFF GREEN,HOU,39,15,12,3,66.0,16.6,24.5,22.9,47.1,38.6,0.0,0.0,5.0,20.6,14.8,7.1,3.6,0.0,14.3,25.0,18.5,0.0,24.8
278,WALTER CLAYTON JR.,UTA,22,42,13,29,773.0,16.5,14.8,16.9,20.7,23.6,16.5,13.7,7.2,13.8,12.0,30.9,21.1,17.7,21.6,16.7,22.3,15.1,15.7
279,KEVIN LOVE,UTA,37,26,8,18,457.0,16.4,14.6,17.6,23.9,25.4,13.6,13.5,39.1,38.3,38.5,16.0,14.9,16.7,25.0,2.2,24.0,16.5,15.7
280,JORDAN HAWKINS,NOP,23,35,6,29,493.0,16.4,13.3,18.9,24.3,28.5,7.4,7.1,11.8,14.6,13.9,10.7,14.9,11.0,13.2,10.9,10.7,10.3,13.5
281,JAMAL CAIN,ORL,26,18,9,9,126.0,16.4,13.7,15.9,16.7,19.6,21.7,22.0,19.4,8.5,12.1,7.4,18.8,22.2,9.1,14.3,35.5,21.4,15.8
282,JALEN WILSON,BKN,25,30,5,25,417.0,16.4,16.1,17.8,21.9,21.9,19.6,19.4,3.9,14.5,11.3,8.4,11.6,13.5,9.5,14.3,21.7,19.4,17.5
283,ASA NEWELL,ATL,20,33,17,16,351.0,16.4,21.1,17.7,21.0,17.8,10.9,14.4,31.5,15.6,20.1,7.6,15.5,18.2,29.7,27.6,33.3,19.0,19.9
284,ALIJAH MARTIN,TOR,24,10,4,6,88.0,16.4,14.1,16.5,16.7,17.7,21.3,20.0,24.0,12.8,16.7,17.4,18.8,45.5,23.1,33.3,22.5,14.3,16.0
285,ISAIAH HARTENSTEIN,OKC,27,24,19,5,645.0,16.3,19.4,14.9,0.0,0.9,14.8,18.9,50.6,35.9,39.6,19.8,27.2,18.2,26.1,20.7,24.8,18.7,16.9
286,DALTON KNECHT,LAL,24,36,21,15,450.0,16.3,18.3,19.7,26.6,27.2,6.3,7.0,11.7,15.8,14.8,6.1,10.7,10.4,22.5,22.7,19.8,6.8,17.1
287,BUB CARRINGTON,WAS,20,45,11,34,1287.0,16.3,14.2,16.2,27.9,24.0,10.0,10.2,6.4,17.7,14.6,30.0,24.4,14.7,6.5,9.8,18.6,11.7,15.1
288,GRADEY DICK,TOR,22,48,29,19,795.0,16.3,15.9,17.9,23.0,25.4,17.2,15.8,15.9,15.4,15.5,6.5,11.0,19.7,8.2,16.9,18.6,13.0,16.8
289,KESHAD JOHNSON,MIA,24,19,9,10,145.0,16.3,15.6,17.2,14.0,16.0,15.1,16.7,22.4,19.1,20.2,1.3,15.2,17.9,33.3,19.2,23.4,16.4,15.3
290,KENRICH WILLIAMS,OKC,31,28,20,8,434.0,16.2,17.4,17.8,19.5,21.2,9.6,12.1,30.0,23.8,25.0,18.9,15.3,20.3,9.8,16.7,20.6,15.9,16.6
291,ISAIAH STEWART,DET,24,41,31,10,963.0,16.2,18.9,17.0,14.3,14.8,16.3,16.6,29.8,23.4,25.1,9.2,16.0,5.6,48.8,19.6,27.4,18.3,18.0
292,GARY PAYTON II,GSW,33,45,24,21,570.0,16.2,20.2,17.0,7.1,9.2,4.5,6.5,32.9,25.2,27.5,19.9,21.6,20.9,21.9,19.1,27.4,5.4,16.2
293,JOSH HART,NYK,30,35,23,12,1069.0,16.1,16.0,15.5,16.3,15.4,13.5,13.8,20.1,31.2,27.9,29.6,25.2,23.7,13.4,18.9,19.4,17.6,15.7
294,LUKE TRAVERS,CLE,24,12,6,6,103.0,16.1,11.0,17.3,5.0,18.2,25.0,19.1,27.3,22.7,24.2,16.4,11.1,25.9,23.5,21.4,12.8,12.5,12.7
295,CARTER BRYANT,SAS,20,36,25,11,295.0,16.0,14.5,18.5,23.3,23.5,7.6,7.3,22.4,22.4,22.4,5.3,14.8,12.8,16.1,26.3,24.3,7.1,13.9
296,MAX CHRISTIE,DAL,22,42,17,25,1234.0,16.0,17.9,17.8,37.9,30.8,14.0,12.5,4.5,15.2,13.1,14.8,12.2,11.6,9.9,14.2,12.7,11.7,19.2
297,DYSON DANIELS,ATL,22,46,23,23,1571.0,16.0,16.6,16.1,1.8,5.6,9.6,12.1,31.5,19.7,22.5,27.3,20.3,26.6,14.2,17.9,15.2,15.0,13.9
298,PATRICK WILLIAMS,CHI,24,42,19,23,763.0,15.9,15.2,17.3,26.0,21.3,9.7,11.3,14.8,17.7,17.0,11.9,15.3,21.4,14.5,19.6,16.7,11.1,15.5
299,MARCUS SMART,LAL,31,36,22,14,1032.0,15.9,12.9,15.8,23.9,25.1,15.7,14.6,12.7,12.3,12.4,18.2,20.3,25.9,16.0,12.0,23.7,19.5,14.5
300,TOUMANI CAMARA,POR,25,48,23,25,1627.0,15.9,16.3,16.9,24.7,24.1,9.1,9.9,17.3,15.5,16.1,15.2,17.0,17.8,14.5,13.6,22.6,18.5,16.1
301,JAMAL SHEAD,TOR,23,48,29,19,1074.0,15.8,12.2,15.8,21.8,22.6,14.4,14.7,6.3,11.2,9.8,39.3,20.8,23.9,6.1,18.5,20.6,22.1,13.5
302,OLIVIER-MAXENCE PROSPER,MEM,23,21,9,12,236.0,15.8,17.6,15.3,15.3,13.0,26.4,23.1,21.5,21.0,21.1,11.6,17.3,8.3,11.8,9.7,16.5,21.0,19.0
303,COLBY JONES,DET,23,1,0,1,7.0,15.8,14.3,23.1,0.0,50.0,0.0,0.0,0.0,50.0,33.3,50.0,0.0,0.0,0.0,0.0,100,0.0,10.0
303,KEVIN MCCULLAR JR.,NYK,24,12,4,8,87.0,15.8,15.2,14.9,24.0,20.9,6.3,13.2,36.4,21.4,25.6,33.3,26.7,30.8,0.0,9.1,28.6,17.2,14.8
305,TRENDON WATFORD,PHI,25,25,11,14,383.0,15.8,16.8,15.7,8.4,7.6,14.3,15.6,18.9,23.3,22.1,30.1,21.5,12.1,14.6,28.0,29.2,19.7,15.5
306,PELLE LARSSON,MIA,24,39,23,16,917.0,15.7,15.9,15.8,14.6,16.9,19.8,20.8,14.0,13.3,13.5,22.4,15.1,11.4,11.0,19.2,20.7,28.9,16.3
307,YANIC KONAN NIEDERHÄUSER,LAC,22,26,14,12,224.0,15.6,19.0,14.4,0.0,1.9,20.8,25.0,43.8,24.6,29.7,7.4,19.4,5.9,45.8,26.1,32.6,23.9,17.2
308,DREW EUBANKS,SAC,28,30,7,23,420.0,15.6,18.9,14.9,1.2,1.6,14.5,19.9,32.1,22.4,24.6,4.0,18.5,15.0,45.2,13.6,25.3,23.3,16.5
309,AL HORFORD,GSW,39,27,16,11,531.0,15.5,15.2,17.4,21.5,23.6,5.4,4.6,25.0,34.1,32.0,18.6,16.0,17.1,44.4,7.1,16.2,5.0,14.6
310,JOSE ALVARADO,NOP,27,37,9,28,809.0,15.5,15.7,16.8,31.1,29.1,5.8,5.6,7.5,17.2,14.6,27.8,20.3,23.2,5.1,15.7,21.6,10.3,15.6
310,KOBE BROWN,LAC,26,30,12,18,275.0,15.5,14.7,17.5,16.7,23.2,15.3,14.1,28.6,20.1,22.5,21.6,10.9,18.2,10.5,29.0,14.9,19.8,15.1
312,KYLE ANDERSON,UTA,32,18,4,14,360.0,15.5,17.3,15.5,4.4,2.3,14.9,18.6,21.9,21.1,21.3,25.1,15.8,31.9,30.0,19.0,23.2,19.1,15.8
313,KELLY OLYNYK,SAS,34,28,20,8,267.0,15.5,15.4,14.5,11.7,16.8,18.5,21.1,26.9,17.7,20.0,25.5,20.8,29.5,7.1,8.1,31.7,26.3,15.5
314,WENDELL CARTER JR.,ORL,26,43,22,21,1296.0,15.5,16.7,15.6,17.2,16.8,17.4,17.9,34.3,25.1,27.3,13.2,14.8,13.9,25.6,17.3,26.6,21.2,16.9
315,HERBERT JONES,NOP,27,26,9,17,731.0,15.4,13.8,16.4,20.4,22.7,9.8,9.6,13.8,14.2,14.1,17.4,15.3,26.3,21.7,18.2,27.2,10.6,13.8
316,ANDRE JACKSON JR.,MIL,24,20,5,15,129.0,15.4,10.0,16.0,13.9,21.6,18.4,16.9,22.7,14.3,16.3,31.7,15.1,18.5,13.3,0.0,32.2,18.5,11.9
317,JORDAN MCLAUGHLIN,SAS,29,19,14,5,116.0,15.4,15.5,16.8,29.2,22.6,8.9,8.3,16.0,13.7,14.3,26.8,21.6,40.0,0.0,14.3,16.3,7.1,15.6
318,NOAH PENDA,ORL,21,30,13,17,424.0,15.3,15.1,15.4,22.6,17.9,11.6,15.4,31.8,25.5,27.7,15.7,17.9,25.4,27.7,17.6,23.8,14.5,15.1
319,KEATON WALLACE,ATL,26,37,19,18,441.0,15.3,15.8,16.8,23.6,21.1,5.2,7.5,3.8,15.2,12.8,29.7,15.2,21.2,9.1,8.5,21.5,10.6,15.7
320,NAE'QWAN TOMLIN,CLE,25,37,23,14,610.0,15.3,17.1,16.9,10.3,15.1,14.7,15.5,29.6,15.6,19.6,9.7,7.3,22.1,29.3,21.5,28.3,13.3,16.0
321,TAELON PETER,IND,23,22,3,19,139.0,15.2,10.7,15.2,29.4,30.3,11.1,11.8,19.4,16.8,17.4,22.2,20.0,28.6,16.7,0.0,19.6,9.4,12.9
322,CHRIS YOUNGBLOOD,OKC,23,29,26,3,144.0,15.2,13.9,18.3,26.9,29.1,18.4,14.3,27.3,16.5,18.3,8.9,2.6,17.6,6.3,0.0,37.3,15.8,16.6
323,ISAIAH JACKSON,IND,24,34,7,27,581.0,15.2,18.8,14.2,0.0,0.3,18.9,20.2,51.9,29.5,36.1,9.2,21.8,22.6,43.1,11.5,35.3,20.3,17.0
324,TERRENCE SHANNON JR.,MIN,25,22,14,8,282.0,15.2,14.0,15.6,19.7,17.8,17.9,18.1,8.3,13.4,11.9,10.4,16.7,18.9,3.4,28.1,19.6,18.5,15.4
325,DAEQWON PLOWDEN,SAC,27,1,0,1,14.0,15.2,8.3,20.0,0.0,33.3,0.0,0.0,50.0,0.0,20.0,0.0,0.0,0.0,0.0,100,0.0,0.0,6.9
326,JAYLIN WILLIAMS,OKC,23,33,28,5,606.0,15.1,11.0,15.0,18.6,22.9,11.4,12.6,18.8,30.3,28.3,26.7,21.7,16.1,26.9,16.0,27.1,17.2,12.1
327,DRU SMITH,MIA,28,46,24,22,783.0,15.1,14.3,15.8,15.2,16.5,18.0,17.5,18.2,13.7,14.9,26.7,16.0,40.4,18.4,25.0,23.9,17.6,15.1
328,HARRISON BARNES,SAS,33,46,31,15,1290.0,15.1,14.8,16.2,22.2,22.5,12.2,11.4,12.9,10.7,11.2,14.1,12.7,16.8,5.0,10.8,12.0,11.2,15.2
329,KHAMAN MALUACH,PHX,19,19,11,8,87.0,15.1,11.6,12.4,0.0,7.7,36.0,33.3,22.2,24.1,23.5,7.5,27.3,4.8,70.0,40.0,44.1,26.9,13.8
330,GARRETT TEMPLE,TOR,39,12,5,7,33.0,15.1,5.0,15.6,33.3,35.7,6.7,10.5,0.0,21.1,18.2,25.0,21.4,30.0,25.0,33.3,20.0,14.3,6.9
331,JULIAN CHAMPAGNIE,SAS,24,46,31,15,1319.0,15.1,14.7,16.6,29.6,29.3,13.6,12.9,14.4,24.9,22.3,9.3,12.7,18.6,13.1,5.1,13.9,9.3,16.3
332,PETE NANCE,MIL,25,15,3,12,107.0,15.0,18.9,17.1,25.7,21.7,0.0,0.0,27.8,18.3,20.2,8.5,19.4,20.8,30.0,0.0,9.3,0.0,17.1
333,DOUG MCDERMOTT,SAC,34,7,1,6,70.0,15.0,15.4,18.1,50.0,47.9,0.0,0.0,0.0,10.9,7.8,6.5,10.3,0.0,16.7,0.0,20.0,0.0,16.2
334,GARY TRENT JR.,MIL,27,41,16,25,988.0,15.0,14.2,17.6,27.0,28.9,9.8,9.1,3.1,7.2,6.4,11.9,7.7,18.4,2.4,11.4,12.9,8.1,15.3
335,KAM JONES,IND,23,13,2,11,88.0,15.0,13.0,17.6,4.0,14.7,0.0,3.7,20.0,10.7,12.7,18.6,12.5,15.8,0.0,11.1,11.4,5.7,10.0
336,KOBE SANDERS,LAC,23,38,20,18,796.0,15.0,14.8,15.5,17.9,17.0,8.9,9.0,12.1,14.1,13.7,15.8,20.7,17.9,5.5,11.4,25.8,11.7,14.0
337,MILES KELLY,DAL,23,9,6,3,77.0,15.0,17.7,19.0,25.0,30.1,0.0,0.0,16.0,13.6,14.3,11.4,9.7,16.7,0.0,0.0,27.6,0.0,16.3
338,RUI HACHIMURA,LAL,27,35,24,11,1066.0,15.0,18.0,17.8,25.5,20.2,6.2,6.5,12.7,14.1,13.8,5.5,7.9,11.1,11.7,17.6,13.5,5.6,16.5
339,COLLIN MURRAY-BOYLES,TOR,20,37,20,17,796.0,14.9,17.9,15.0,7.9,7.5,13.1,15.1,45.2,18.6,26.3,15.6,18.6,22.7,34.2,17.3,28.2,14.9,16.1
340,PRECIOUS ACHIUWA,SAC,26,41,10,31,856.0,14.9,17.3,15.9,7.9,9.5,12.8,17.8,38.7,27.1,30.2,10.5,10.5,23.4,28.2,16.8,20.9,18.0,15.7
341,JALEN PICKETT,DEN,26,32,21,11,603.0,14.9,15.6,16.2,23.4,19.8,4.2,3.8,14.9,18.1,17.5,29.1,19.3,14.8,5.4,11.5,14.0,5.7,14.5
342,DRAKE POWELL,BKN,20,34,9,25,647.0,14.9,15.7,15.4,14.1,15.9,14.8,13.0,7.3,12.0,10.9,17.7,16.5,21.4,8.3,21.3,17.0,10.0,15.3
343,LUKA GARZA,BOS,27,37,23,14,611.0,14.8,18.8,14.6,11.7,9.6,29.1,28.7,46.5,16.8,26.1,12.0,11.3,16.5,33.9,27.6,36.5,27.7,19.0
344,DONOVAN CLINGAN,POR,21,44,23,21,1209.0,14.8,18.6,15.8,11.1,12.0,14.8,17.0,49.1,35.7,40.2,13.8,10.9,11.2,54.7,14.4,23.2,17.0,17.0
345,MYRON GARDNER,MIA,24,19,11,8,130.0,14.8,19.1,16.7,20.8,20.0,13.8,14.9,29.4,22.6,25.0,18.8,6.3,21.9,33.3,11.8,45.2,17.6,18.4
346,CHRISTIAN BRAUN,DEN,24,14,10,4,404.0,14.8,13.7,15.2,6.7,11.5,13.7,15.5,22.0,14.0,15.9,13.5,14.0,12.9,18.2,31.4,18.5,12.2,13.0
347,DERRICK JONES JR.,LAC,28,17,7,10,411.0,14.7,18.1,16.0,18.3,17.6,15.7,17.1,18.8,11.9,13.5,9.7,10.9,19.4,31.0,15.4,20.2,17.8,17.7
348,TIDJANE SALAÜN,CHA,20,30,14,16,487.0,14.7,17.8,16.2,21.7,18.5,9.9,10.9,16.5,32.6,28.1,10.6,12.6,17.5,16.7,17.8,22.6,12.1,16.8
349,NEEMIAS QUETA,BOS,26,44,27,17,1094.0,14.7,18.9,14.0,0.0,0.6,22.8,26.7,48.1,29.0,34.0,11.3,15.5,19.6,45.2,19.1,28.3,27.4,17.0
350,DUNCAN ROBINSON,DET,31,43,33,10,1230.0,14.6,14.9,16.9,40.6,37.8,9.4,9.4,4.7,11.9,9.8,11.3,8.0,12.0,9.4,6.2,15.8,13.0,16.5
351,CAMERON JOHNSON,DEN,29,28,20,8,857.0,14.6,13.6,15.6,21.2,20.0,13.7,13.8,10.9,13.5,12.9,12.0,11.6,13.3,13.3,21.1,18.5,13.2,14.5
352,ALEX CARUSO,OKC,31,32,26,6,582.0,14.6,13.0,15.5,18.8,22.4,8.2,8.4,17.5,18.1,17.9,21.1,19.4,34.4,17.6,16.4,16.5,10.7,12.8
353,MICAH POTTER,IND,27,16,4,12,282.0,14.6,13.0,14.6,19.3,22.2,26.4,21.6,26.0,28.2,27.7,12.8,13.5,9.1,35.7,10.3,21.2,21.6,15.9
354,SAM HAUSER,BOS,28,45,29,16,1061.0,14.6,15.1,16.6,30.8,29.1,2.8,2.4,11.2,20.1,17.6,12.1,10.2,17.4,13.1,2.0,13.9,4.1,15.9
355,NIQUE CLIFFORD,SAC,23,44,11,33,842.0,14.6,13.2,15.3,15.7,18.9,7.9,9.2,15.2,17.8,17.1,12.8,16.7,18.8,14.3,18.5,22.9,8.6,12.6
356,ANDRE DRUMMOND,PHI,32,36,19,17,720.0,14.5,16.4,14.3,9.6,8.8,13.1,16.8,57.6,43.1,47.8,8.0,16.6,15.5,41.0,14.3,25.0,18.6,15.1
357,JUSTIN EDWARDS,PHI,22,35,21,14,515.0,14.4,14.1,16.4,21.8,24.5,7.3,6.5,14.4,11.9,12.6,15.7,14.2,27.7,12.5,18.4,23.5,7.7,13.8
358,LANDRY SHAMET,NYK,28,21,12,9,425.0,14.4,16.0,15.6,31.7,25.1,20.0,19.3,6.1,10.3,9.0,12.1,8.4,14.8,11.4,17.0,14.1,17.5,18.6
359,JOAN BERINGER,MIN,19,21,10,11,142.0,14.4,21.4,16.3,0.0,0.0,6.8,10.2,47.7,23.1,30.4,5.6,11.1,11.1,56.3,17.6,39.0,21.4,17.1
360,PAT CONNAUGHTON,CHA,33,22,10,12,155.0,14.4,19.0,16.4,26.2,22.5,13.1,17.6,14.6,22.0,20.0,18.7,5.8,29.4,6.7,13.3,9.4,17.4,18.8
361,GUERSCHON YABUSELE,NYK,30,39,24,15,354.0,14.3,13.0,15.8,19.8,23.2,6.9,8.0,24.7,24.6,24.6,9.6,13.2,8.0,12.8,29.0,24.8,9.6,13.0
362,JAVONTE GREEN,DET,32,45,34,11,863.0,14.3,14.8,15.8,24.0,23.9,17.0,16.0,15.9,16.7,16.5,7.4,9.2,27.4,13.0,9.9,16.7,15.8,16.1
363,GUI SANTOS,GSW,23,37,19,18,450.0,14.3,15.0,14.1,17.4,17.4,10.6,11.9,23.4,22.8,23.0,14.6,19.5,17.5,22.2,10.6,25.1,16.6,14.7
363,OUSMANE DIENG,OKC,22,24,21,3,282.0,14.3,15.6,16.9,21.2,19.7,6.1,4.9,17.4,15.2,15.6,16.8,7.5,2.6,22.6,13.0,20.6,3.1,14.9
365,BRYCE MCGOWENS,NOP,23,29,6,23,563.0,14.3,14.2,14.3,19.8,16.5,22.2,22.1,7.8,14.1,12.4,13.4,9.7,15.5,6.1,20.0,24.1,23.7,16.0
366,JUSTIN CHAMPAGNIE,WAS,24,43,10,33,808.0,14.3,17.3,15.5,12.1,13.6,14.3,15.4,36.8,30.6,32.6,11.0,9.8,28.7,28.9,23.4,19.7,15.8,16.3
367,JEREMY SOCHAN,SAS,22,27,18,9,354.0,14.2,16.5,15.5,10.6,12.9,8.3,9.6,28.6,21.7,23.7,15.9,14.4,14.7,19.0,17.5,27.8,17.8,14.5
368,RYAN DUNN,PHX,23,40,24,16,820.0,14.2,14.5,15.2,13.2,15.3,7.1,7.9,29.3,21.4,23.8,14.9,14.7,22.5,25.4,17.3,23.3,6.5,13.4
369,ROYCE O'NEALE,PHX,32,47,28,19,1385.0,14.2,14.0,15.3,29.9,27.5,4.0,4.4,9.6,22.5,18.9,19.5,16.3,19.9,13.3,4.3,17.0,5.4,14.6
370,MONTE MORRIS,IND,30,6,0,6,65.0,14.1,18.4,16.9,18.2,17.0,6.1,9.1,5.3,13.3,10.9,34.6,9.1,9.1,7.7,20.0,10.0,9.7,15.0
371,JAKE LARAVIA,LAL,24,45,28,17,1234.0,14.1,14.4,15.2,18.3,18.2,11.9,12.4,24.4,15.8,18.0,14.4,12.8,28.9,19.0,16.7,19.5,12.2,14.4
372,JAKOB POELTL,TOR,30,21,13,8,531.0,14.1,18.2,13.1,0.0,0.0,14.9,18.7,47.9,29.6,34.2,14.3,19.0,16.5,28.2,7.6,26.8,19.4,16.1
373,ZEKE NNAJI,DEN,25,34,24,10,470.0,14.1,15.5,14.2,10.2,13.2,17.6,17.5,27.8,23.0,24.0,8.6,14.0,20.0,36.0,22.7,25.7,19.8,15.3
374,VÍT KREJČÍ,ATL,25,44,21,23,995.0,14.1,15.9,15.9,31.5,26.9,9.1,9.2,8.8,11.5,10.8,10.8,9.4,17.9,13.4,7.5,24.3,11.0,17.1
375,DREW TIMME,LAL,25,12,7,5,92.0,14.0,20.0,16.3,21.7,16.7,0.0,3.1,25.0,17.7,19.5,22.0,12.0,45.5,0.0,23.1,21.6,9.4,18.0
376,MICAH PEAVY,NOP,24,41,8,33,657.0,14.0,14.2,17.0,12.9,18.5,4.6,4.8,21.5,12.3,15.0,13.8,6.0,23.8,8.2,18.1,23.2,5.5,12.6
377,BRUCE BROWN,DEN,29,47,31,16,1144.0,14.0,14.2,14.5,6.9,8.4,10.6,11.1,24.6,17.8,19.3,16.6,16.0,30.9,12.3,25.2,23.5,10.5,12.7
378,JACOB TOPPIN,ATL,25,5,3,2,17.0,14.0,26.7,20.7,0.0,0.0,0.0,0.0,0.0,10.0,6.7,14.3,0.0,0.0,33.3,0.0,16.7,14.3,21.1
379,LIAM MCNEELEY,CHA,20,27,9,18,336.0,14.0,12.6,14.2,21.4,20.6,17.1,16.8,13.6,21.6,19.5,12.8,13.0,10.4,15.0,10.7,28.2,15.1,14.6
380,E.J. LIDDELL,BKN,25,9,1,8,39.0,13.9,24.0,19.4,23.1,22.5,8.7,9.7,25.0,21.4,22.5,0.0,0.0,14.3,0.0,50.0,33.3,12.5,19.8
381,JD DAVISON,HOU,23,20,17,3,143.0,13.8,11.9,15.3,18.8,22.6,12.8,16.1,4.8,14.9,11.6,29.4,11.1,21.7,26.7,8.3,22.9,16.7,12.7
382,DANIEL GAFFORD,DAL,27,30,8,22,618.0,13.8,17.0,12.5,0.0,0.0,24.4,23.8,45.0,28.3,31.9,7.9,19.7,27.1,52.6,34.0,34.2,27.5,16.4
383,JAMISON BATTLE,TOR,24,34,21,13,299.0,13.8,16.9,15.2,31.4,25.1,5.0,6.1,15.2,19.3,18.3,7.5,14.9,10.2,8.3,0.0,20.4,5.1,16.4
384,DALEN TERRY,CHI,23,29,13,16,287.0,13.8,14.2,13.9,13.1,13.1,6.7,9.6,21.7,16.8,18.1,17.8,19.5,25.4,22.2,9.3,21.6,13.6,13.0
385,CODY WILLIAMS,UTA,21,34,9,25,612.0,13.8,14.9,15.7,9.7,14.2,5.9,7.9,21.8,12.0,14.4,7.3,9.6,14.3,24.5,24.7,21.8,8.8,12.9
386,GRANT WILLIAMS,CHA,27,7,4,3,120.0,13.7,10.5,15.5,19.4,25.5,13.0,14.1,14.6,18.8,17.5,9.6,8.7,17.2,18.2,6.7,15.2,15.3,11.9
387,DARON HOLMES II,DEN,23,12,7,5,169.0,13.7,13.3,14.3,23.7,21.9,12.8,13.6,21.7,16.5,17.4,16.3,12.8,0.0,26.7,5.3,23.4,22.8,14.9
387,ERIC GORDON,PHI,37,6,3,3,74.0,13.7,20.0,15.9,47.1,31.8,4.3,6.5,5.6,2.3,3.3,9.1,10.7,26.7,10.0,14.3,10.3,4.3,20.6
389,ETHAN THOMPSON,IND,26,20,4,16,306.0,13.7,12.2,14.6,19.3,22.3,8.1,9.4,15.3,12.8,13.5,17.0,16.0,21.3,20.8,11.1,28.9,12.7,12.4
390,CHAZ LANIER,DET,24,17,16,1,158.0,13.7,12.2,16.6,35.0,33.9,9.6,6.4,12.5,10.5,11.1,11.4,3.8,10.9,0.0,0.0,9.0,5.6,14.2
391,TONY BRADLEY,IND,28,38,9,29,416.0,13.6,18.3,13.6,1.0,0.6,17.9,18.2,41.8,19.5,27.1,9.4,13.2,10.0,31.8,27.1,28.2,17.4,16.3
392,JA'KOBE WALTER,TOR,21,38,24,14,682.0,13.6,14.6,14.9,24.9,23.8,12.9,13.0,15.4,13.1,13.7,8.5,9.8,29.9,8.1,10.5,24.3,14.5,15.6
393,MOUSSA CISSE,DAL,23,26,10,16,302.0,13.6,15.0,10.8,0.0,0.0,19.5,28.2,59.8,33.0,40.5,3.7,20.4,15.3,60.8,15.6,33.6,29.2,14.0
394,BRONNY JAMES,LAL,21,24,11,13,165.0,13.6,9.7,14.4,14.6,16.4,3.4,2.6,12.5,6.1,7.6,29.5,21.4,26.5,6.3,16.7,22.4,4.5,9.4
395,DAVION MITCHELL,MIA,27,40,22,18,1166.0,13.6,13.1,13.4,13.9,13.6,6.3,7.6,6.4,10.5,9.6,39.8,20.4,22.5,5.0,12.5,23.7,11.4,12.2
396,LUGUENTZ DORT,OKC,26,38,29,9,1048.0,13.6,12.4,15.2,28.2,28.0,6.0,6.0,16.9,15.6,15.9,8.6,11.1,17.3,14.6,6.2,26.3,11.6,13.0
397,CHRIS PAUL,LAC,40,16,4,12,228.0,13.5,10.7,14.0,15.6,16.6,1.6,2.7,11.1,15.9,14.6,49.5,19.0,21.6,0.0,13.0,22.8,9.0,10.2
398,TRAYCE JACKSON-DAVIS,GSW,25,34,19,15,404.0,13.5,18.2,13.8,0.8,0.3,18.2,23.7,37.9,24.0,28.4,13.5,10.1,14.6,46.3,31.4,23.1,23.5,15.9
399,TERANCE MANN,BKN,29,40,10,30,1015.0,13.4,13.7,13.7,11.6,11.9,11.9,11.4,21.9,13.6,15.9,26.0,14.4,20.7,10.9,15.7,23.4,13.4,13.1
400,GARRISON MATHEWS,IND,29,15,4,11,196.0,13.4,12.7,14.3,37.0,29.9,23.8,22.1,4.7,12.4,10.4,11.1,5.7,17.6,12.5,11.1,21.1,24.4,17.1
401,ISAAC OKORO,CHI,25,38,22,16,955.0,13.3,13.7,14.4,13.5,15.8,14.0,14.0,24.0,9.0,12.0,9.2,8.3,17.7,18.7,17.5,24.6,17.8,13.7
402,JOSH MINOTT,BOS,23,29,19,10,510.0,13.3,14.9,13.6,19.2,15.7,12.8,13.3,29.8,22.3,24.4,11.9,15.0,27.0,17.2,22.7,20.5,11.8,15.2
403,KEON ELLIS,SAC,26,41,10,31,719.0,13.3,13.4,15.1,32.0,28.8,7.9,9.5,9.5,9.3,9.3,6.8,9.1,33.1,28.4,4.5,22.7,13.9,14.3
404,JABARI WALKER,PHI,23,42,23,19,531.0,13.3,12.7,13.9,12.1,16.1,14.0,16.0,34.2,25.3,28.1,8.1,10.1,14.8,17.2,21.9,31.6,15.6,12.8
405,WILL RICHARD,GSW,23,43,25,18,836.0,13.3,15.5,14.5,16.9,17.4,10.6,10.5,19.9,11.9,14.0,12.4,12.2,27.9,6.2,10.6,21.8,12.2,14.9
406,CLINT CAPELA,HOU,31,38,24,14,436.0,13.2,15.6,13.3,0.0,0.0,13.8,19.5,53.9,27.2,36.8,8.4,12.1,26.8,45.0,27.5,21.3,16.7,13.5
407,XAVIER TILLMAN,BOS,27,13,8,5,110.0,13.2,16.3,16.1,10.0,14.3,0.0,0.0,28.6,22.1,24.3,11.6,12.5,30.0,16.7,33.3,17.6,7.7,12.4
408,LONZO BALL,CLE,28,32,17,15,675.0,13.1,8.8,12.9,17.1,21.4,5.3,6.0,15.8,22.3,20.7,32.4,22.6,31.1,12.2,10.7,16.7,5.8,9.3
409,MOUHAMED GUEYE,ATL,23,46,22,24,732.0,13.1,13.3,14.1,9.7,13.1,10.5,13.8,35.8,23.5,26.4,10.1,11.9,23.9,33.8,10.4,26.9,13.7,12.4
410,SVI MYKHAILIUK,UTA,28,39,13,26,944.0,13.1,15.4,14.9,24.6,22.7,5.6,5.1,11.2,10.9,11.0,12.4,10.0,14.5,5.4,11.1,12.2,5.5,14.9
411,OCHAI AGBAJI,TOR,25,39,23,16,642.0,13.0,13.2,14.5,7.7,14.7,11.0,10.3,20.6,13.1,15.1,7.8,8.9,19.3,18.6,21.1,27.0,9.7,12.3
412,DUOP REATH,POR,29,32,16,16,258.0,13.0,16.3,15.9,29.1,25.1,5.3,5.5,16.1,15.8,15.9,8.6,6.4,12.2,29.6,6.7,25.0,6.5,16.3
413,JEREMIAH ROBINSON-EARL,DAL,25,22,8,14,361.0,12.9,12.3,14.6,9.5,13.9,11.1,9.3,35.6,30.0,31.8,7.5,10.5,17.0,3.2,32.4,14.4,11.5,11.8
414,DOMINICK BARLOW,PHI,22,36,20,16,851.0,12.9,15.7,13.2,6.5,8.6,13.7,14.3,36.0,18.5,23.4,10.9,12.9,19.2,27.7,18.6,23.1,15.1,14.4
415,TAYLOR HENDRICKS,UTA,22,32,8,24,477.0,12.9,14.0,13.9,20.4,18.4,12.3,12.7,25.0,23.4,23.8,8.2,11.8,16.0,29.6,10.2,17.8,10.3,14.3
416,KARLO MATKOVIĆ,NOP,24,36,11,25,457.0,12.9,20.0,14.3,18.2,11.8,5.2,7.6,24.0,27.2,26.3,10.6,11.5,13.0,45.6,11.3,28.6,10.6,17.6
417,JAE'SEAN TATE,HOU,30,27,21,6,212.0,12.9,17.7,15.7,15.2,13.8,5.3,4.9,27.9,17.1,20.9,16.7,8.9,15.2,14.3,12.5,31.4,11.6,15.3
418,LARRY NANCE JR.,CLE,33,20,14,6,278.0,12.8,12.3,14.7,13.3,15.2,1.0,2.2,27.1,19.8,21.6,13.6,11.0,25.0,12.9,20.0,29.9,9.4,10.7
419,AJ GREEN,MIL,26,41,17,24,1211.0,12.7,13.2,14.5,30.5,29.1,6.0,5.5,3.3,12.0,10.1,12.3,10.1,11.9,2.8,7.0,19.9,8.5,14.6
420,KRIS DUNN,LAC,31,46,22,24,1254.0,12.7,13.4,13.1,15.4,14.8,7.3,7.9,15.4,12.3,13.0,22.4,15.4,29.9,7.4,9.7,22.6,8.6,12.5
421,JOHNNY FURPHY,IND,21,29,8,21,519.0,12.7,13.3,13.2,16.7,16.8,7.9,11.9,25.0,27.2,26.7,8.2,14.6,21.7,14.6,28.6,23.8,11.2,12.8
422,SIDY CISSOKO,POR,21,43,20,23,927.0,12.6,11.3,12.9,16.7,17.2,10.8,12.1,14.2,10.0,11.3,12.8,14.0,18.6,14.1,15.1,29.3,18.9,11.9
423,LUKE KENNARD,ATL,29,42,21,21,862.0,12.5,15.6,13.8,24.6,19.1,11.1,8.9,9.6,11.9,11.3,17.5,11.4,20.8,3.9,11.6,13.6,8.5,16.2
424,ADOU THIERO,LAL,21,15,8,7,87.0,12.5,10.0,12.2,0.0,1.4,16.2,16.7,43.8,23.9,29.0,10.9,18.2,23.8,11.1,30.0,50.0,15.2,9.8
425,KASPARAS JAKUČIONIS,MIA,19,21,11,10,315.0,12.5,9.7,12.3,20.6,17.4,12.9,12.2,18.1,15.1,16.0,19.7,16.7,17.2,5.3,22.0,26.6,16.5,11.7
426,CASON WALLACE,OKC,22,45,35,10,1186.0,12.4,11.3,13.5,19.4,18.9,4.9,5.6,15.8,12.0,12.8,14.9,13.5,32.7,6.8,15.7,18.1,6.4,11.2
427,ANTONIO REEVES,CHA,25,7,2,5,56.0,12.4,16.7,15.8,26.3,22.2,0.0,0.0,7.7,11.8,10.6,6.7,0.0,10.0,0.0,25.0,18.8,0.0,15.9
428,LINDY WATERS III,SAS,28,26,18,8,188.0,12.4,11.7,15.3,34.1,29.9,1.6,1.3,4.9,14.2,12.0,11.8,5.7,16.7,0.0,11.8,22.1,7.2,12.5
429,KOBE BUFKIN,LAL,22,4,2,2,45.0,12.4,11.1,13.8,16.7,22.6,11.8,11.1,14.3,16.7,16.1,11.8,9.1,14.3,33.3,0.0,18.8,20.0,11.9
430,CHARLES BASSEY,PHI,25,2,0,2,31.0,12.3,12.5,13.3,0.0,0.0,7.1,16.7,53.8,40.0,45.5,11.8,8.3,16.7,20.0,33.3,35.7,18.2,9.9
431,YVES MISSI,NOP,21,41,9,32,786.0,12.3,14.8,12.2,0.0,0.2,11.4,14.6,47.9,21.8,30.6,12.7,14.8,9.0,57.1,16.0,22.6,15.1,12.7
432,RAYAN RUPERT,POR,21,41,22,19,494.0,12.3,11.7,13.7,13.2,13.8,5.4,6.3,14.8,17.0,16.3,14.4,11.2,31.0,3.6,16.0,25.0,7.8,10.9
433,ANTHONY GILL,WAS,33,22,1,21,97.0,12.2,17.3,12.4,15.0,11.7,10.3,8.3,33.3,20.6,23.6,7.1,18.4,9.5,21.4,16.7,25.0,12.1,15.8
434,JONATHAN ISAAC,ORL,28,37,19,18,366.0,12.2,12.7,11.8,7.3,11.6,14.8,19.1,25.7,27.3,26.8,6.5,10.6,18.1,45.5,2.5,18.2,20.9,12.6
435,CRAIG PORTER JR.,CLE,25,43,27,16,759.0,12.2,12.4,12.5,11.4,10.0,4.9,6.7,28.2,18.1,21.2,29.6,16.4,25.9,30.0,20.3,14.8,11.3,11.0
436,BEN SHEPPARD,IND,24,36,9,27,801.0,12.2,12.3,13.9,20.9,21.4,8.3,8.4,11.6,16.6,15.3,15.2,7.3,16.4,5.0,15.6,17.1,7.7,12.5
437,RUDY GOBERT,MIN,33,45,27,18,1422.0,12.1,16.3,10.8,0.0,0.1,15.9,22.6,49.7,32.2,36.5,10.1,13.8,12.1,42.7,16.3,21.8,29.8,14.3
438,MOUSSA DIABATÉ,CHA,24,43,18,25,1051.0,11.9,14.9,10.9,0.0,0.0,20.4,25.0,52.0,28.9,35.9,10.1,12.2,20.4,48.3,17.7,24.4,26.5,13.8
439,ISAAC JONES,DET,25,4,2,2,18.0,11.9,16.7,12.5,0.0,20.0,33.3,50.0,66.7,0.0,22.2,25.0,0.0,0.0,0.0,0.0,57.1,16.7,17.9
439,N'FALY DANTE,ATL,24,4,3,1,15.0,11.9,8.3,13.3,0.0,0.0,14.3,11.1,42.9,36.4,38.9,0.0,20.0,50.0,0.0,0.0,20.0,28.6,8.3
441,JAYLEN CLARK,MIN,24,44,27,17,624.0,11.9,11.8,12.9,9.8,12.6,13.0,14.1,26.0,10.8,14.8,8.6,9.1,28.8,11.7,12.7,23.6,13.8,11.8
442,CODY MARTIN,IND,30,4,0,4,55.0,11.9,6.1,9.4,0.0,10.0,15.8,24.0,6.3,27.7,22.2,10.0,20.0,36.4,18.2,16.7,21.7,22.7,7.4
443,CHRIS BOUCHER,BOS,33,8,3,5,91.0,11.8,9.2,12.7,3.6,13.5,11.1,12.5,8.7,31.4,24.3,8.6,5.6,29.4,53.8,12.5,35.6,11.1,8.7
444,OSO IGHODARO,PHX,23,47,28,19,938.0,11.8,13.8,10.4,0.0,0.1,11.8,18.3,27.2,23.5,24.6,15.8,21.6,22.6,32.9,19.8,27.0,17.4,11.7
445,MO BAMBA,TOR,27,2,2,0,6.0,11.8,0.0,16.7,0.0,0.0,0.0,0.0,33.3,20.0,25.0,0.0,0.0,0.0,100,0.0,100,0.0,0.0
446,NIGEL HAYES-DAVIS,PHX,31,25,13,12,190.0,11.7,10.6,13.5,4.4,10.8,3.7,5.8,21.8,16.5,18.2,8.9,9.3,20.5,9.1,5.3,18.8,6.6,8.9
447,JULIAN PHILLIPS,CHI,22,31,13,18,292.0,11.7,13.0,13.8,14.7,17.2,5.6,5.3,30.3,9.3,14.3,4.1,5.7,30.6,16.7,20.0,25.8,7.8,12.2
448,JOSH OKOGIE,HOU,27,44,28,16,880.0,11.6,11.0,12.1,18.9,19.4,10.2,12.2,17.9,13.1,14.7,8.9,11.6,24.9,7.9,16.5,20.2,15.5,11.7
449,ELIJAH HARKLESS,UTA,25,7,2,5,66.0,11.6,7.1,10.6,12.5,15.9,16.7,17.3,16.7,9.8,11.3,13.2,13.0,33.3,0.0,0.0,23.3,23.1,10.0
450,GOGA BITADZE,ORL,26,40,21,19,657.0,11.6,17.5,12.1,1.4,2.4,12.9,13.9,50.6,27.0,33.5,14.1,11.0,25.2,59.3,8.2,32.0,16.9,15.2
451,STEVEN ADAMS,HOU,32,32,21,11,730.0,11.6,10.9,10.3,0.0,0.0,14.6,19.2,53.5,24.6,34.3,14.4,13.5,17.2,27.8,15.3,21.9,20.7,10.7
452,ROBERT WILLIAMS III,POR,28,32,16,16,517.0,11.5,19.9,12.5,2.1,2.9,8.3,8.5,47.0,39.6,41.6,11.5,10.8,21.2,67.7,8.2,16.3,7.2,15.7
453,JARRED VANDERBILT,LAL,26,36,22,14,704.0,11.5,11.4,11.4,11.0,11.5,7.4,8.2,32.2,28.7,29.7,14.7,17.3,24.6,23.2,23.7,22.3,11.1,10.7
454,JAMES WISEMAN,IND,24,4,0,4,58.0,11.4,13.0,9.4,0.0,0.0,5.3,6.3,50.0,7.3,15.7,13.0,29.4,0.0,25.0,14.3,37.0,8.3,11.0
455,RYAN KALKBRENNER,CHA,24,35,15,20,849.0,11.4,18.0,10.8,0.0,0.3,13.8,16.8,45.3,21.5,27.1,5.3,13.0,17.9,51.9,18.7,19.9,15.4,15.3
456,MIKE CONLEY,MIN,38,41,25,16,757.0,11.4,8.5,12.0,17.6,20.0,12.5,10.7,9.4,11.4,11.0,27.9,11.7,17.4,10.8,2.9,19.4,11.6,10.3
457,DERECK LIVELY II,DAL,21,7,3,4,115.0,11.3,11.5,8.5,0.0,0.0,13.8,14.3,50.0,26.1,31.9,21.7,22.2,18.2,50.0,10.5,38.2,15.0,10.8
458,DEANDRE JORDAN,NOP,37,2,0,2,23.0,11.3,44.4,12.8,0.0,0.0,9.1,15.4,57.1,42.9,47.6,0.0,14.3,0.0,0.0,50.0,16.7,21.4,30.0
459,SKAL LABISSIERE,WAS,29,1,1,0,4.0,11.1,0.0,11.1,0.0,25.0,0.0,0.0,0.0,50.0,25.0,0.0,0.0,0.0,0.0,0.0,33.3,0.0,0.0
460,JOSH GREEN,CHA,25,23,12,11,370.0,11.1,11.6,12.3,20.3,19.1,6.2,5.9,21.7,9.4,12.9,12.3,10.1,24.1,5.4,4.9,16.3,12.5,11.9
461,CALEB MARTIN,DAL,30,39,16,23,472.0,11.0,10.6,11.1,6.6,8.1,9.4,10.2,16.8,16.8,16.8,21.2,15.4,28.9,19.1,20.8,30.8,16.5,10.0
462,HUGO GONZÁLEZ,BOS,19,41,26,15,609.0,11.0,11.8,11.2,10.6,10.4,5.1,7.7,22.0,23.9,23.3,8.3,15.1,20.2,15.7,13.1,30.9,12.7,10.9
463,SETH CURRY,GSW,35,2,0,2,32.0,11.0,18.8,13.6,18.2,16.0,0.0,0.0,11.1,15.8,14.3,13.6,0.0,40.0,0.0,0.0,21.4,27.3,17.3
464,JAXSON HAYES,LAL,25,37,24,13,653.0,11.0,17.9,10.9,0.6,0.2,13.2,15.7,34.4,21.4,24.8,9.8,10.4,12.4,45.3,12.5,27.4,20.1,15.2
465,JORDAN WALSH,BOS,21,41,27,14,762.0,11.0,13.3,11.6,12.6,11.1,10.4,10.6,23.1,25.0,24.4,9.1,10.6,29.8,19.8,16.4,28.8,11.8,12.8
466,GABE VINCENT,LAL,29,25,15,10,482.0,10.9,8.7,13.5,21.7,23.8,4.1,3.5,7.4,4.7,5.3,13.0,6.3,16.2,2.4,14.3,25.1,6.1,9.3
467,DREW PETERSON,CHA,26,6,1,5,64.0,10.8,4.3,13.6,0.0,23.5,3.7,6.3,15.8,17.6,17.0,7.1,0.0,27.3,33.3,0.0,14.3,10.7,3.7
468,OSCAR TSHIEBWE,UTA,26,1,0,1,15.0,10.8,7.1,13.3,0.0,0.0,0.0,11.1,50.0,40.0,42.9,12.5,0.0,33.3,0.0,50.0,33.3,12.5,5.6
469,TAUREAN PRINCE,MIL,31,8,5,3,169.0,10.8,10.7,12.1,25.0,21.1,5.7,4.2,0.0,10.8,8.7,8.4,9.8,20.0,13.3,7.7,25.3,7.5,11.7
470,SION JAMES,CHA,23,47,19,28,1167.0,10.6,9.1,10.9,13.8,14.1,13.1,12.5,9.1,16.3,14.4,15.5,10.1,17.4,16.2,20.2,18.8,13.6,10.4
471,AMIR COFFEY,MIL,28,27,10,17,214.0,10.5,10.7,11.8,10.6,15.1,20.6,15.7,12.5,10.8,11.2,8.0,5.6,6.5,10.0,8.3,11.2,11.6,12.1
472,DORIAN FINNEY-SMITH,HOU,32,14,9,5,217.0,10.5,8.4,12.1,18.6,22.5,3.6,2.6,20.0,14.4,16.1,8.7,11.3,16.1,9.5,15.4,30.1,5.7,8.8
473,LUKE KORNET,SAS,30,37,25,12,894.0,10.4,15.1,10.4,0.0,0.0,18.1,17.4,46.6,20.4,27.4,15.4,7.0,12.7,62.0,11.7,21.9,22.5,13.9
474,TREY ALEXANDER,NOP,22,5,1,4,42.0,10.4,15.4,12.3,18.2,14.3,0.0,0.0,0.0,14.3,11.1,26.3,9.1,25.0,33.3,0.0,18.2,7.1,14.0
475,MATISSE THYBULLE,POR,28,4,2,2,49.0,10.2,15.4,11.1,22.2,13.6,13.8,12.5,0.0,15.4,12.5,10.3,5.6,50.0,0.0,16.7,25.0,19.2,16.0
476,JAMIR WATKINS,WAS,24,20,5,15,287.0,10.1,10.8,10.5,9.6,13.7,10.8,10.8,20.9,26.4,24.9,9.9,10.1,25.9,25.0,6.3,33.3,12.4,10.7
477,KRIS MURRAY,POR,25,34,14,20,874.0,10.0,10.7,10.5,8.8,10.7,8.2,8.3,22.2,13.0,16.0,9.9,10.3,26.5,15.9,11.2,16.7,7.5,10.0
478,SPENCER JONES,DEN,24,42,28,14,996.0,10.0,11.1,10.4,15.4,14.6,6.7,8.4,27.3,12.7,15.8,6.6,9.9,28.1,21.7,10.5,30.2,9.2,10.9
479,KEVON LOONEY,NOP,29,17,2,15,237.0,10.0,10.9,10.4,1.8,4.9,5.9,7.7,53.4,28.7,36.3,24.0,11.0,17.1,34.8,13.8,27.5,8.2,9.1
480,DARIO ŠARIĆ,SAC,31,5,1,4,41.0,10.0,2.9,9.2,12.5,15.0,15.4,11.8,33.3,18.5,20.0,9.5,14.3,0.0,0.0,33.3,25.0,5.9,5.6
480,ISAIAH CRAWFORD,HOU,24,2,1,1,5.0,10.0,0.0,12.5,0.0,33.3,0.0,0.0,0.0,0.0,0.0,0.0,0.0,0.0,0.0,0.0,0.0,0.0,0.0
482,MAXI KLEBER,LAL,33,20,8,12,230.0,9.9,7.0,10.3,6.2,10.1,9.7,9.9,25.5,15.9,18.5,11.7,9.5,15.4,25.0,16.0,34.4,11.8,7.5
483,JONATHAN MOGBO,TOR,24,20,8,12,136.0,9.9,13.7,11.1,0.0,0.0,3.4,7.2,40.0,29.4,32.2,12.3,11.6,7.7,23.5,21.4,24.1,10.9,10.0
484,DYLAN CARDWELL,SAC,24,21,7,14,413.0,9.9,12.3,9.9,0.0,0.4,9.0,13.1,53.5,33.2,39.2,11.0,9.6,21.1,66.0,22.2,41.7,12.7,10.6
485,CHRISTIAN KOLOKO,ATL,25,16,8,8,241.0,9.7,10.6,10.1,1.6,1.1,1.2,3.6,36.4,17.7,22.2,7.5,12.8,26.2,55.9,37.5,31.3,8.1,8.3
486,ADEM BONA,PHI,22,37,21,16,617.0,9.7,10.5,8.0,1.2,1.1,15.2,19.0,43.2,20.8,26.9,3.2,14.5,10.6,48.5,12.5,25.8,21.3,10.3
487,AMARI WILLIAMS,BOS,24,11,8,3,88.0,9.6,9.2,7.6,0.0,0.0,30.8,32.4,23.8,23.4,23.5,12.1,11.8,15.4,72.7,18.2,38.2,28.2,11.2
488,TYUS JONES,ORL,29,44,23,21,709.0,9.6,8.9,11.4,17.5,19.6,2.0,1.6,4.5,9.2,7.9,28.7,6.2,27.3,4.1,7.4,8.0,3.8,8.5
489,DEAN WADE,CLE,29,39,23,16,896.0,9.6,9.7,11.0,16.1,17.5,7.6,7.9,15.1,20.1,18.8,12.4,4.6,19.6,19.8,6.2,16.7,9.4,10.2
490,NICOLAS BATUM,LAC,37,45,22,23,900.0,9.5,9.7,10.9,23.5,21.5,2.1,2.2,9.6,17.7,15.7,8.6,9.8,20.6,19.0,1.1,19.2,2.1,10.0
491,ISAIAH LIVERS,PHX,27,24,15,9,249.0,9.4,8.8,9.8,13.9,14.8,5.6,5.3,17.5,19.9,19.1,11.0,13.3,20.0,25.0,21.1,22.3,3.3,9.0
492,JAHMYL TELFORT,LAC,24,8,2,6,32.0,9.3,0.0,8.3,0.0,16.7,6.3,16.7,0.0,13.0,9.7,7.1,9.1,20.0,0.0,0.0,38.5,13.3,1.6
493,BAYLOR SCHEIERMAN,BOS,25,41,27,14,522.0,9.3,9.8,9.7,17.2,15.2,2.5,2.5,11.7,19.8,17.6,12.2,14.1,29.1,3.1,4.7,26.6,13.3,9.9
494,SHARIFE COOPER,WAS,24,5,1,4,19.0,9.3,7.1,6.5,33.3,15.4,0.0,0.0,0.0,0.0,0.0,10.0,22.2,16.7,0.0,0.0,22.2,33.3,8.6
495,MITCHELL ROBINSON,NYK,27,33,20,13,651.0,9.2,12.1,8.3,0.0,0.0,9.5,17.9,61.7,32.4,43.4,9.9,11.7,25.9,58.2,7.4,28.2,17.8,10.2
496,KYLE LOWRY,PHI,39,6,4,2,45.0,8.8,5.6,9.6,16.7,20.0,0.0,0.0,0.0,9.4,7.1,28.0,20.0,9.1,0.0,0.0,14.3,8.7,5.5
497,HARRISON INGRAM,SAS,23,3,2,1,11.0,8.8,13.3,11.5,33.3,12.5,0.0,0.0,42.9,0.0,25.0,0.0,0.0,0.0,0.0,0.0,28.6,0.0,13.9
498,ARIEL HUKPORTI,NYK,23,30,18,12,267.0,8.8,8.3,6.9,0.0,0.4,13.7,15.4,40.3,26.0,30.0,11.8,19.0,12.8,60.0,21.7,33.9,16.3,8.0
499,MASON PLUMLEE,CHA,35,14,6,8,125.0,8.4,8.2,5.4,0.0,0.0,17.8,20.3,32.3,34.1,33.6,20.8,19.1,27.3,0.0,9.1,24.4,22.4,8.3
500,JERICHO SIMS,MIL,27,32,11,21,445.0,8.3,12.2,6.5,0.0,0.0,6.4,8.0,45.3,26.3,30.7,9.1,19.4,8.5,22.7,5.0,26.0,10.8,9.9
501,BROOKS BARNHIZER,OKC,23,25,20,5,187.0,8.2,8.8,9.1,2.1,4.1,5.9,7.0,27.6,26.5,26.7,10.5,8.1,17.2,11.8,31.3,16.9,9.3,7.5
502,ORLANDO ROBINSON,ORL,25,4,2,2,25.0,8.1,13.6,10.4,25.0,13.3,0.0,0.0,20.0,20.0,20.0,18.8,0.0,100,0.0,0.0,33.3,7.1,11.7
503,JOHN KONCHAR,MEM,29,28,13,15,388.0,8.0,9.6,8.4,10.5,11.1,5.4,7.0,16.5,22.4,21.0,14.8,9.0,40.8,22.4,9.1,17.2,7.2,8.9
504,LACHLAN OLBRICH,CHI,22,11,3,8,74.0,8.0,4.0,6.8,0.0,6.7,0.0,15.4,36.8,28.8,31.0,26.5,15.4,0.0,0.0,6.7,43.2,40.0,3.1
505,JOE INGLES,MIN,38,15,8,7,64.0,7.5,5.0,5.1,18.2,12.5,7.7,5.4,0.0,10.6,8.3,34.2,20.0,43.8,0.0,0.0,19.4,9.7,6.4
506,PACÔME DADIET,NYK,20,18,10,8,57.0,7.5,4.5,8.9,0.0,12.5,19.0,12.9,6.7,21.7,18.0,24.2,0.0,33.3,0.0,0.0,16.7,14.3,6.5
507,DWIGHT POWELL,DAL,34,32,13,19,478.0,7.3,7.2,5.5,0.0,0.0,18.8,21.9,48.3,23.3,28.4,12.6,12.0,20.5,32.4,12.1,37.2,26.0,8.3
508,WENDELL MOORE JR.,DET,24,3,3,0,43.0,7.3,6.7,7.8,0.0,2.9,0.0,0.0,20.0,11.1,12.5,11.5,11.1,18.2,14.3,25.0,4.8,11.8,5.1
509,GARY HARRIS,MIL,31,35,12,23,518.0,7.2,7.7,7.7,13.3,11.2,5.3,4.3,14.1,12.3,12.7,13.1,8.6,24.1,13.5,7.9,19.5,3.2,8.1
510,BISMACK BIYOMBO,SAS,33,11,8,3,65.0,6.6,8.0,5.8,0.0,0.0,3.6,5.6,20.0,17.2,17.9,9.1,13.0,23.1,100,0.0,35.7,14.8,6.1
511,TREY JEMISON III,NYK,26,6,5,1,38.0,6.5,10.0,4.2,0.0,0.0,7.1,6.3,50.0,20.0,28.6,5.6,27.3,0.0,66.7,0.0,40.0,11.8,8.0
512,TOSAN EVBUOMWAN,NYK,24,5,4,1,8.0,4.8,0.0,7.7,0.0,0.0,0.0,0.0,33.3,16.7,22.2,0.0,0.0,0.0,0.0,0.0,16.7,0.0,0.0
513,CHRIS MAÑON,LAL,24,4,1,3,14.0,2.6,0.0,3.6,0.0,7.1,0.0,0.0,12.5,33.3,21.4,0.0,0.0,50.0,66.7,0.0,60.0,12.5,0.0
514,VLADISLAV GOLDIN,MIA,24,1,0,1,1.0,0.0,0.0,0.0,0.0,0.0,0.0,0.0,0.0,0.0,0.0,50.0,0.0,0.0,0.0,0.0,0.0,0.0,0.0
